ear_left,ear_right,ear_avg,mar,pitch,yaw,roll,neck_tilt,p_mlp_drowsy,p_lstm_drowsy,neck_alarm,ema_prob,alarm_on,frame_idx,face_detected
0.3371044853103242,0.3371044853103242,0.3371044853103242,0.023638134916358515,-24.48833277518628,-7.743477998467542,-177.95667968190952,1.8881444809053167,0.14563322067260742,,False,0.14563322067260742,False,0,True
0.3723605060537639,0.3723605060537639,0.3723605060537639,0.003293348103150325,-24.58673134851176,-7.655648759135581,-177.7703149530867,0.7833538306139733,0.1296049952507019,,False,0.14242757558822633,False,2,True
,,,,,,,,0.1296049952507019,,False,0.14242757558822633,False,4,False
0.35845838849505496,0.35845838849505496,0.35845838849505496,0.021107619197636922,-25.655831142907417,-7.597585861090055,-176.91816508942352,2.285944080653548,0.14340990781784058,,False,0.1426240420341492,False,6,True
0.3917783366010221,0.3917783366010221,0.3917783366010221,0.006368131894062539,-24.65566457254073,-7.845311460924058,-175.30143767118986,4.675507307679653,0.12994897365570068,,False,0.1400890283584595,False,8,True
0.3887041879591805,0.3887041879591805,0.3887041879591805,0.0035035023996505556,-24.594607901372505,-7.504301526014031,-175.36836359694234,3.835647739445696,0.1282808780670166,,False,0.13772739830017092,False,10,True
0.37242831863603565,0.37242831863603565,0.37242831863603565,0.004819366848511827,-22.336543184768473,-7.294770450570811,-175.6143147508666,1.0166997847964905,0.13281571865081787,,False,0.13674506237030032,False,12,True
0.3648683752997369,0.3648683752997369,0.3648683752997369,0.005650777350513256,-22.28536823700397,-6.902211811544891,-175.60350835592766,2.181102257579091,0.13281792402267456,,False,0.13595963470077516,False,14,True
0.352609959898763,0.352609959898763,0.352609959898763,0.003973842641157225,-19.57841546109485,-6.264793344108223,-176.75949231141712,-12.93682988337017,0.14775609970092773,,False,0.13831892770080567,False,16,True
0.35794485492025285,0.35794485492025285,0.35794485492025285,0.00891803091639148,-22.586380131628886,-6.04928015922128,-177.2047337001179,-9.04904741571403,0.14495646953582764,,False,0.13964643606781008,False,18,True
0.3668955425093444,0.3668955425093444,0.3668955425093444,0.004833998846141269,-22.232689262674562,-5.21729616421032,-178.1507879821601,-8.501458623048599,0.1406468152999878,,False,0.13984651191424563,False,20,True
0.3698881774260303,0.3698881774260303,0.3698881774260303,0.007120410910461542,-22.669864619118357,-4.714882439275113,-179.4353230708801,-6.388073264761917,0.13989734649658203,,False,0.13985667883071293,False,22,True
0.28352784300341827,0.28352784300341827,0.28352784300341827,0.00718747381143811,-24.56693018318863,-4.302998445709828,179.79930646100624,-6.728455207616508,0.3215157389640808,,False,0.17618849085738653,False,24,True
0.21620695051915262,0.21620695051915262,0.21620695051915262,0.007735327992925184,-22.451692362312386,-3.669173655955692,178.05427574894958,-6.816450884004823,0.43166959285736084,,False,0.22728471125738142,False,26,True
0.28892621634950577,0.28892621634950577,0.28892621634950577,0.0019325954150366679,-23.835155699200875,-3.986799946233168,179.1473731440871,-7.456309909844961,0.31988245248794556,,False,0.24580425950349427,False,28,True
0.31276924062910905,0.31276924062910905,0.31276924062910905,0.005859888009093381,-24.426164603089333,-3.942625403359233,-179.805018094649,-9.931163831223236,0.14363056421279907,,False,0.22536952044535524,False,30,True
0.31710985057196095,0.31710985057196095,0.31710985057196095,0.005391377362089957,-23.238147145056264,-3.5426804511523464,179.5451143604583,-11.76959830931412,0.3545358180999756,,False,0.2512027799762793,False,32,True
0.33698946230005844,0.33698946230005844,0.33698946230005844,0.0017318348067055004,-22.770027721643906,-3.0970705030011305,179.59326723339825,-12.034785046099115,0.36943918466567993,,False,0.2748500609141595,False,34,True
0.3661502508283705,0.3661502508283705,0.3661502508283705,0.0045749330526464755,-21.992629396832996,-1.9896135652429916,177.76274257047777,-8.568110354063394,0.3952091932296753,,False,0.29892188737726266,False,36,True
0.3632795003148662,0.3632795003148662,0.3632795003148662,0.0056413084249325035,-22.841514018067887,-1.8701370604608873,177.5885821201331,-7.366486819691168,0.38508301973342896,,False,0.31615411384849595,False,38,True
0.365606328720798,0.365606328720798,0.365606328720798,0.005473220435275024,-22.891007432395902,-1.6054954134547925,177.555081502161,-5.966121689423037,0.3822081685066223,,False,0.32936492478012125,False,40,True
0.3513553254712525,0.3513553254712525,0.3513553254712525,0.0026065415633994633,-24.013905411535397,-1.880004226698381,177.95001263039302,-7.516864474463558,0.36210983991622925,,False,0.33591390780734287,False,42,True
0.34624437000898656,0.34624437000898656,0.34624437000898656,0.0021631389621187126,-24.52937975300361,-1.5878910084511575,177.65714079027833,-25.431571061776296,0.4090299606323242,,True,0.3987311262458743,False,44,True
0.34539119353695835,0.34539119353695835,0.34539119353695835,0.008610134120230126,-24.05286674944909,-1.6155597906534525,178.1019458835893,-18.370604070432048,0.4014133810997009,,True,0.44898490099669947,False,46,True
0.34664395659373026,0.34664395659373026,0.34664395659373026,0.006450626132339296,-24.671295005559244,-2.0961437118529007,178.79662601422643,-18.008880518439724,0.3932695984840393,,True,0.4891879207973596,False,48,True
0.3347761125930041,0.3347761125930041,0.3347761125930041,0.0022373541738367267,-24.37287472947312,-2.5578465619819446,178.70342582286014,-15.208101886148935,0.36647921800613403,,False,0.4646461802391145,False,50,True
0.3542479361490913,0.3542479361490913,0.3542479361490913,0.007074519113133538,-24.606130226169192,-2.5245408833942165,177.47655755846773,-12.358447966064645,0.38342344760894775,,False,0.44840163371308117,False,52,True
0.36772640046103616,0.36772640046103616,0.36772640046103616,0.008224366616199704,-22.7204830361994,-3.245467808987424,176.01044936704568,-11.477908297411368,0.405628502368927,,False,0.43984700744425037,False,54,True
0.36255252750008926,0.36255252750008926,0.36255252750008926,0.007340706243452134,-23.274360793918284,-3.2106623099283125,175.7314057838741,-11.363229779549288,0.39513933658599854,,False,0.4309054732726,False,56,True
0.38049836023076,0.38049836023076,0.38049836023076,0.011009261326360271,-25.15708253976785,-3.57915764227133,176.92793399182074,-2.1080301873104905,0.37983381748199463,,False,0.42069114211447894,False,58,True
0.3693277719934246,0.3693277719934246,0.3693277719934246,0.00937534125853616,-26.347576428143373,-3.8627991023531667,176.5472798905112,1.5267712567248808,0.35229337215423584,0.48104363679885864,False,0.43276164105135495,False,60,True
0.3839167019877493,0.3839167019877493,0.3839167019877493,0.007173681618775785,-27.281471354370026,-3.0552353466259823,175.45888977983927,2.839150077349835,0.35373640060424805,0.4854825735092163,False,0.44330582754292724,False,62,True
0.39577531042717073,0.39577531042717073,0.39577531042717073,0.010851768980437326,-30.858095662237776,-2.9769662070597898,175.46259061073738,-0.27261693629191097,0.36146974563598633,0.48969030380249023,False,0.45258272279483985,False,64,True
0.37125977040222324,0.37125977040222324,0.37125977040222324,0.009965755099983558,-31.970148075428217,-1.5348828352760444,174.68018266434436,0.09835311872009875,0.3320414423942566,0.49311918020248413,False,0.46069001427636874,False,66,True
0.3725697226768284,0.3725697226768284,0.3725697226768284,0.009279710077077143,-33.39990986560541,-1.2110930163309035,174.40332429359023,-0.08170400100192687,0.32523632049560547,0.4964674711227417,False,0.46784550564564337,False,68,True
0.3855418556143705,0.3855418556143705,0.3855418556143705,0.008091793562572627,-32.89636910729727,-0.9008999713167292,175.24028735738844,3.9702177823970364,0.32901161909103394,0.5008688271045685,False,0.47445016993742845,False,70,True
0.365551274635189,0.365551274635189,0.365551274635189,0.015375061654128755,-37.34203255254935,-0.6151670005356591,175.13297877930415,7.15609112735399,0.29884493350982666,0.5056107938289642,False,0.4806822947157356,False,72,True
0.3621633559385784,0.3621633559385784,0.3621633559385784,0.015330476537973287,-38.667113660846645,-0.9852603089802016,173.8076934485155,15.384681985129951,0.2762165665626526,0.5123502910137177,True,0.5145458357725885,False,74,True
0.3643418982332689,0.3643418982332689,0.3643418982332689,0.015383164099643049,-39.281868497930695,-1.0411325058872194,172.68184794815664,10.07383137102302,0.28372812271118164,0.518633246421814,False,0.5153633179024336,False,76,True
0.37202692671543625,0.37202692671543625,0.37202692671543625,0.01651284112225274,-40.38846202232619,-1.087892706053489,173.03352411192435,8.628865880492611,0.2883213758468628,0.5247340798377991,False,0.5172374702895067,False,78,True
0.36824105810326957,0.36824105810326957,0.36824105810326957,0.020118173599386936,-41.89337007682963,-0.706197681674081,173.33455601079146,8.36894805812727,0.28432029485702515,0.5302543044090271,False,0.5198408371134109,False,80,True
0.34744510913720283,0.34744510913720283,0.34744510913720283,0.03200672226419911,-45.15646862435767,0.988912933843151,171.21742677458397,16.75030643242723,0.25805234909057617,0.5361497700214386,True,0.5458726696907288,False,82,True
0.19623063422684073,0.19623063422684073,0.19623063422684073,0.02714072084019836,-48.411009260821615,1.7982607679575022,168.770926203976,17.212506188448074,0.4032275080680847,0.5384276807308197,True,0.5666981357525831,False,84,True
0.2989607352632928,0.2989607352632928,0.2989607352632928,0.029686241215494544,-55.495363003544206,1.6875499388077675,166.7051186984149,32.92060487882492,0.20519208908081055,0.5465544760227203,True,0.5833585086020665,False,86,True
0.31990914602622306,0.31990914602622306,0.31990914602622306,0.03308539697797782,-56.43515241982616,4.617911180437888,162.50279348787117,32.43886354369952,0.20324742794036865,0.5560648143291473,True,0.5966868068816532,False,88,True
0.2994557350898135,0.2994557350898135,0.2994557350898135,0.0672306910342517,-0.17249016539299303,-5.641088235462862,-100.48704907003068,45.63664674251727,0.31477367877960205,0.5632944107055664,True,0.6073494455053225,False,90,True
0.2898860770444862,0.2898860770444862,0.2898860770444862,0.05231691692650203,0.0025604319819861965,-11.922548872284088,-169.25428265422838,62.94735279239653,0.26809024810791016,0.5687407553195953,True,0.6158795564042581,False,92,True
0.35280897481356777,0.35280897481356777,0.35280897481356777,0.06239913148871707,-55.47381295581553,-175.34216879430608,160.7875429653211,61.78816466530936,0.2574143409729004,0.5899039506912231,True,0.6227036451234065,False,94,True
0.39608904646502674,0.39608904646502674,0.39608904646502674,0.05338550815717291,-55.69837691061519,-175.3003697642102,161.61618096515272,56.91555349602403,0.25916337966918945,0.606394499540329,True,0.6281629160987252,False,96,True
0.3975600924524979,0.3975600924524979,0.3975600924524979,0.048155142581201606,-55.7732930489142,-175.25982866288462,162.83077414478126,60.50046167193504,0.24608027935028076,0.6163646876811981,True,0.6325303328789802,False,98,True
0.43067752258642944,0.43067752258642944,0.43067752258642944,0.045564316159853506,-55.115175056503645,-175.92665139526287,163.73931646615787,63.872182182587906,0.24533885717391968,0.6224749088287354,True,0.6360242663031842,False,100,True
0.44702262755036803,0.44702262755036803,0.44702262755036803,0.0633250553278852,-55.14027150828356,-175.85700619712532,164.4249422497675,53.80996973159771,0.2823767066001892,0.6240839064121246,True,0.6388194130425474,False,102,True
0.41101766832846826,0.41101766832846826,0.41101766832846826,0.03936236264370193,-53.76932045038728,-176.57760462714873,164.0507931907025,41.82060277051382,0.2709878087043762,0.6217382550239563,True,0.641055530434038,False,104,True
0.16537857488115631,0.16537857488115631,0.16537857488115631,0.019471001917312467,-51.32390383394944,-2.5345015627156355,172.45061426086914,45.06496029760113,0.43657082319259644,0.6105858683586121,True,0.6428444243472304,False,106,True
0.25196092575581713,0.25196092575581713,0.25196092575581713,0.015630213548208913,-43.25466456964511,-0.7142579739817703,170.17407913869818,28.143355350494264,0.2348070740699768,0.6089124977588654,True,0.6442755394777844,False,108,True
0.2867327967295711,0.2867327967295711,0.2867327967295711,0.01870004575190963,-40.65457992185551,-1.2347143765668467,170.32812479415372,14.433466533109309,0.2452579140663147,0.6084980964660645,False,0.6371200508754404,False,110,True
0.3348733107417258,0.3348733107417258,0.3348733107417258,0.011996675485960699,-36.62818637549728,-2.8589930871386993,170.50619946201476,-0.34614623750459544,0.2851482033729553,0.6090886294841766,False,0.6315137665971877,False,112,True
,,,,,,,,0.2851482033729553,0.6090886294841766,False,0.6315137665971877,False,114,False
0.32662665733549107,0.32662665733549107,0.32662665733549107,0.006973584912331087,-32.486848358752816,-6.54692025512305,174.9774684368125,8.594012305316197,0.27234435081481934,0.6089493930339813,False,0.6270008918845464,False,116,True
0.34585518929262093,0.34585518929262093,0.34585518929262093,0.014676870923188977,-31.83270471175806,-7.71652353369477,174.21501197745962,6.453777711761025,0.3055979013442993,0.6076765656471252,False,0.6231360266370622,False,118,True
0.3503699231383949,0.3503699231383949,0.3503699231383949,0.013039655841660773,-29.753113514400276,-8.508472522643837,176.81406148306715,4.792609110266445,0.3195227384567261,0.6048226654529572,False,0.6194733544002412,False,120,True
0.3820205471560543,0.3820205471560543,0.3820205471560543,0.007951386121911867,-29.05465204112572,-9.542296771343501,179.2524207319912,1.0860402929772628,0.3490838408470154,0.6004904210567474,False,0.6156767677315425,False,122,True
0.37451557251871614,0.37451557251871614,0.37451557251871614,0.004395531964369618,-28.990437368933176,-9.136624384418571,-179.42219596833414,1.1354887621424545,0.1273590326309204,0.5890886187553406,False,0.6103591379363021,False,124,True
0.37940947101712763,0.37940947101712763,0.37940947101712763,0.00591616058806111,-28.805189175015798,-8.7029578506322,-179.38056678042898,0.19721309061715753,0.129683256149292,0.5781269073486328,False,0.6039126918187683,False,126,True
0.3761192810686085,0.3761192810686085,0.3761192810686085,0.0024063581743439763,-29.408010728541083,-9.177310558739446,-178.1610411333001,0.0889387206410534,0.12697678804397583,0.568155974149704,False,0.5967613482849554,False,128,True
0.3866071251502854,0.3866071251502854,0.3866071251502854,0.0013621645785449872,-29.607885936237235,-9.118870734605704,-177.2573425637552,-7.400137674727541,0.13330161571502686,0.5588331818580627,True,0.6074090786279643,False,130,True
0.3898218616375546,0.3898218616375546,0.3898218616375546,0.0009607309982310519,-30.574728716500765,-8.78442583159413,-176.8408192751503,-7.45552310991913,0.1328035593032837,0.5511049926280975,True,0.6159272629023715,False,132,True
0.388765460756877,0.388765460756877,0.388765460756877,0.002507538644120648,-29.37642883494624,-8.274072730291985,-177.27009233364723,-5.774847673911909,0.13308817148208618,0.5447878241539001,False,0.6016993751526772,False,134,True
0.39543033896024604,0.39543033896024604,0.39543033896024604,0.0021361262552639123,-27.99670441762021,-8.681469255107576,-177.5672653164379,-5.611057851164954,0.13346070051193237,0.5396836698055267,False,0.5892962340832472,False,136,True
0.39909916259556116,0.39909916259556116,0.39909916259556116,0.005321043582171413,-27.288148961809796,-9.22111733939804,-177.12394843481985,-5.7417119918014174,0.13696950674057007,0.5356405079364777,False,0.5785650888538934,False,138,True
0.39633342774732216,0.39633342774732216,0.39633342774732216,0.0030910781408987446,-26.02621953390098,-9.248707367173647,-176.76101309237052,-5.664953566695587,0.13567781448364258,0.5322966277599335,False,0.5693113966351014,False,140,True
0.38447259003713397,0.38447259003713397,0.38447259003713397,0.0070401911286546845,-26.350558379510705,-8.916806926677392,-176.08636796773555,-4.817876004831425,0.1382952332496643,0.5296436548233032,False,0.5613778482727418,False,142,True
0.36686748245297923,0.36686748245297923,0.36686748245297923,0.007025853670741659,-25.14172803022221,-9.055319874324477,-175.86713608506585,-6.000861462920099,0.13979053497314453,0.5270407199859619,False,0.5545104226153859,False,144,True
0.3659370441554116,0.3659370441554116,0.3659370441554116,0.007055920574843996,-24.273539175743405,-8.596771967421233,-175.78965297000448,-4.886557008751755,0.13913214206695557,0.5251707434654236,False,0.5486424867853934,False,146,True
0.19633060854204104,0.19633060854204104,0.19633060854204104,0.006827200659429098,-21.833287636672555,-5.178611938115572,-178.4053924026399,-5.739487707596436,0.597470760345459,0.5210467278957367,False,0.5584081414974065,False,148,True
0.35417135431337643,0.35417135431337643,0.35417135431337643,0.016399581677191997,20.228177317195676,-5.587294320749641,-174.6784305468628,-3.7409500277714294,0.32733482122421265,0.5173301994800568,False,0.5501925530939366,False,150,True
0.36114342168668057,0.36114342168668057,0.36114342168668057,0.024007201471939334,22.262819130678864,-4.705186574064621,-174.51177139748253,-2.1715516144512303,0.34385067224502563,0.5131517350673676,False,0.5427843894886228,False,152,True
0.3685158654636919,0.3685158654636919,0.3685158654636919,0.0224072341936345,23.425947122106383,-4.774033937663643,-173.7416327039226,-2.37814822836415,0.34392356872558594,0.5064260065555573,False,0.5355127129020097,False,154,True
0.3771199953603764,0.3771199953603764,0.3771199953603764,0.023082301693064064,23.10853023186285,-4.670368918966038,-172.97530865152365,-4.293907514826313,0.33864033222198486,0.4971575140953064,False,0.5278416731406691,False,156,True
0.39509035077907007,0.39509035077907007,0.39509035077907007,0.024706295354266033,23.253637052294163,-3.977162477373012,-174.63561890078634,0.539130392904616,0.3251301646232605,0.4871736764907837,False,0.5197080738106921,False,158,True
0.396656704218167,0.396656704218167,0.396656704218167,0.011649537400136892,21.5198646177128,-2.973356719062355,-172.38864902485014,1.7909862126017995,0.3006059527397156,0.47694075107574463,False,0.5111546092637026,False,160,True
0.38797068228299364,0.38797068228299364,0.38797068228299364,0.007292389441209572,21.01126986916083,-2.755392036493497,-171.7694063650377,1.1470121796059394,0.29938530921936035,0.4669145941734314,False,0.5023066062456484,False,162,True
0.38723537290152865,0.38723537290152865,0.38723537290152865,0.001902963233479058,20.46924596384658,-2.2458865717521763,-171.1594002459623,2.4636953272515028,0.2905080318450928,0.457952082157135,False,0.49343570142794574,False,164,True
0.3711092553298613,0.3711092553298613,0.3711092553298613,0.004003439791729883,18.4637624876143,-2.6246558072604964,-171.56857404830558,0.507406705413814,0.28723442554473877,0.4500262141227722,False,0.4847538039669111,False,166,True
0.4075200204221353,0.4075200204221353,0.4075200204221353,0.0016280692273229016,17.987784380685618,-2.5632703315907652,-171.8432579616037,-4.171485087675685,0.2688373923301697,0.4429256319999695,False,0.47638816957352276,False,168,True
0.40237587759983307,0.40237587759983307,0.40237587759983307,0.0014750244928450464,11.863322454170707,-2.699902690494725,-171.52736012020299,-3.428603101571658,0.2362384796142578,0.43745869398117065,False,0.46860227445505237,False,170,True
0.40382672809252673,0.40382672809252673,0.40382672809252673,0.00686772734897644,2.680056651047651,-3.1218317983720962,-172.93900215876872,-2.9580804248879096,0.19669586420059204,0.43395674228668213,False,0.46167316802137837,False,172,True
0.39743339726499227,0.39743339726499227,0.39743339726499227,0.008858266944895977,-16.111075776495554,-3.2617205379958123,-176.3692475193172,-4.50106829078602,0.15126967430114746,0.4330598711967468,False,0.4559505086564521,False,174,True
0.37605945646842387,0.37605945646842387,0.37605945646842387,0.008705221001392918,-21.694812305948407,-3.380114339457366,-177.90417816941346,-0.36318337196705475,0.13704144954681396,0.4345508813858032,False,0.45167058320232234,False,176,True
0.19974366875184582,0.19974366875184582,0.19974366875184582,0.011504041961216184,-24.460731236357088,-3.055845054777454,179.75508022771785,-1.8066037783360498,0.5011001527309418,0.43895816802978516,False,0.46155649710804625,False,178,True
0.14285059645430706,0.14285059645430706,0.14285059645430706,0.004930307375902608,-24.671456374017804,-2.1879981214653164,178.0050907909366,0.6929979032641427,0.7943748980760574,0.4457560181617737,False,0.5281201773016485,False,180,True
0.27876350314766696,0.27876350314766696,0.27876350314766696,0.011552924286720398,-27.462681185188554,-2.1159276954728172,178.55094429786533,3.2111352402064495,0.2913867235183716,0.45643484592437744,False,0.5137831110261943,False,182,True
0.3205122652953387,0.3205122652953387,0.3205122652953387,0.010176049912529742,-28.005980680090634,-1.995701596306172,178.3816469075467,2.074402334431329,0.30691319704055786,0.4680481553077698,False,0.5046361198825094,False,184,True
0.35839279651925005,0.35839279651925005,0.35839279651925005,0.00444405798332299,-28.71578209160151,-2.7554241732415314,-179.79765176064495,2.7452882793337214,0.12643837928771973,0.4761802554130554,False,0.49894494698861863,False,186,True
0.3480260437773248,0.3480260437773248,0.3480260437773248,0.005158314316372155,-29.79695675166156,-2.2490122300884896,179.86917755682416,3.3113043007986263,0.3111599087715149,0.4860878586769104,False,0.49637352932627704,False,188,True
0.3159216198135908,0.3159216198135908,0.3159216198135908,0.0006924041234723672,-29.27280785081609,-2.094073672854809,-179.38975927429178,3.228691234623245,0.123119056224823,0.49074918031692505,False,0.49524865952440666,False,190,True
0.3247566079456846,0.3247566079456846,0.3247566079456846,0.0040220846481448845,-30.131867390441233,-2.1509631277549817,-178.09901147869815,0.16257664217049647,0.12664365768432617,0.49397629499435425,False,0.4949941866183962,False,192,True
0.2654611075697191,0.2654611075697191,0.2654611075697191,0.006991414951773597,-29.38090809029782,-1.577900480071078,-178.58936346788568,-0.8003081865213647,0.17821598052978516,0.4958503842353821,False,0.49516542614179343,False,194,True
0.20996133757441365,0.20996133757441365,0.20996133757441365,0.006249506409877608,-29.906667133827497,-0.8734070793947085,-177.71867748998642,-0.41002688576262386,0.4622167944908142,0.4975845217704773,False,0.4956492452675302,False,196,True
0.2036410005131899,0.2036410005131899,0.2036410005131899,0.006330651808927329,-29.182611144360305,-0.7567938770619842,-175.78807631082512,0.7834821050999173,0.5030416250228882,0.5005667805671692,False,0.4971277212186018,False,198,True
0.1772641419304991,0.1772641419304991,0.1772641419304991,0.007341269333060967,-27.067271848053547,-0.2576179498673164,-174.3769004251028,1.0848737222934985,0.6833590567111969,0.5046875178813934,False,0.5343739883171208,False,200,True
0.17361886646752622,0.17361886646752622,0.17361886646752622,0.004714491925493467,-26.706752843496847,0.2576687564279293,-173.44620141697888,5.085044943688151,0.6892919838428497,0.5103114247322083,False,0.5653575874222666,False,202,True
0.15593213499631708,0.15593213499631708,0.15593213499631708,0.007948826706453966,-25.875777175234376,0.031114788317422468,-172.72019968387468,3.8444719990035527,0.7939536273479462,0.5167492926120758,False,0.6110767954074026,False,204,True
0.13573451827021776,0.13573451827021776,0.13573451827021776,0.0068419172975736076,-24.38067309101222,0.5734500529731179,-172.12743547140633,1.6738574575123848,0.8670648783445358,0.5234474241733551,False,0.6622744119948292,False,206,True
0.11654762634056806,0.11654762634056806,0.11654762634056806,0.009212035925654956,-23.507976531716647,0.7068496522914877,-171.92717416606212,4.161516840427484,0.9052705615758896,0.5304604172706604,False,0.7108736419110413,False,208,True
0.12191386237220656,0.12191386237220656,0.12191386237220656,0.009557990617874252,-24.435443440845724,1.0540430157409615,-171.51357423452916,7.420907573502163,0.8943437561392784,0.5377780199050903,False,0.7475676647566888,False,210,True
0.14440573971803328,0.14440573971803328,0.14440573971803328,0.011360643018122675,-24.155686724120304,-0.03666591135920171,-171.2834154183128,7.175783760746047,0.8429543524980545,0.5452601313591003,False,0.766645002304962,False,212,True
0.3196754328656458,0.3196754328656458,0.3196754328656458,0.007742752359232934,-30.213150044992048,-1.725312289183242,-173.20628100393853,5.27369293365484,0.12768906354904175,0.5517204701900482,False,0.7236600958819792,False,214,True
0.3641544506725419,0.3641544506725419,0.3641544506725419,0.005411721459216322,-28.73863488669214,-2.017814547585429,-175.10968865825743,3.4852470187606133,0.129194438457489,0.5562574863433838,False,0.6901795739742602,False,216,True
0.38873643412186887,0.38873643412186887,0.38873643412186887,0.013449541721835628,-31.56127615376686,-2.437767067107527,-177.3040879987018,2.4113711997752474,0.13450390100479126,0.5586757659912109,False,0.6638788123776505,False,218,True
0.41494939489517624,0.41494939489517624,0.41494939489517624,0.016645473835220796,-31.61772204378966,-2.502501910752974,179.99890642298615,4.040733726882751,0.37866342067718506,0.564564436674118,False,0.6440159372369441,False,220,True
0.4122146630769385,0.4122146630769385,0.4122146630769385,0.010046228423754883,-30.166563534151525,-2.7859834484170634,177.22866499429546,6.491917196404636,0.3623155355453491,0.5697612166404724,False,0.6291649931176497,False,222,True
,,,,,,,,0.3623155355453491,0.5697612166404724,False,0.6291649931176497,False,224,False
0.3203661569992135,0.3203661569992135,0.3203661569992135,0.019471522294388074,-27.332330709082285,-3.1201787220547113,176.49171603385028,1.2674343278834108,0.32280951738357544,0.570449024438858,False,0.6174217993818915,False,226,True
0.34457998873698903,0.34457998873698903,0.34457998873698903,0.010395504933299023,-26.434173992648844,-3.2228649721062093,175.20203135010917,3.33681005471146,0.32915395498275757,0.569641500711441,False,0.6078657396478013,False,228,True
0.369053452564846,0.369053452564846,0.369053452564846,0.011671061387186982,-26.22963827092485,-3.449292115121302,175.28489666962096,7.687654630107413,0.3455314040184021,0.5687913000583649,False,0.600050851729914,False,230,True
0.38405683207038815,0.38405683207038815,0.38405683207038815,0.007234169506144881,-26.20775695437717,-3.60070382298246,177.0199066291855,7.643304170191271,0.35144615173339844,0.5673541724681854,False,0.5935115158775683,False,232,True
0.3808849778108809,0.3808849778108809,0.3808849778108809,0.006559229287272564,-27.621257963037735,-3.467414400374214,178.0962270728928,7.306818132857535,0.34217995405197144,0.5649882555007935,False,0.5878068638022134,False,234,True
0.3964286143801635,0.3964286143801635,0.3964286143801635,0.008156324780434385,-27.163660027721907,-2.886345608064623,177.74689159997214,12.214179013133094,0.3487778902053833,0.5632676482200623,False,0.5828990206857831,False,236,True
0.39429628748334,0.39429628748334,0.39429628748334,0.011445874666443197,-28.123497854279464,-3.266393958416048,179.38572877516006,8.553787103882472,0.35722917318344116,0.5605392456054688,False,0.5784270656697202,False,238,True
0.38527144544976544,0.38527144544976544,0.38527144544976544,0.005436783523217813,-26.578507092099265,-3.278835274772777,178.677634893546,7.117921637406362,0.34950000047683716,0.557165265083313,False,0.5741747055524388,False,240,True
,,,,,,,,0.34950000047683716,0.557165265083313,False,0.5741747055524388,False,242,False
0.35462440732034617,0.35462440732034617,0.35462440732034617,0.01011254363052179,-22.808416858223126,-3.5674468056344635,179.06007700574293,1.2755951778332388,0.35982954502105713,0.5518163740634918,False,0.5697030392546494,False,244,True
0.37276752923931605,0.37276752923931605,0.37276752923931605,0.004260975473226102,-25.82634058213658,-3.6344332091975984,-179.14243769332762,4.0322120074515055,0.1269528865814209,0.5425100028514862,False,0.5642644319740168,False,246,True
0.39590044130522,0.39590044130522,0.39590044130522,0.008420993687982164,-23.698404316055452,-4.547088079289076,-177.45248172731712,5.973569585214517,0.13104140758514404,0.5355320870876312,False,0.5585179629967396,False,248,True
0.4065172016844608,0.4065172016844608,0.4065172016844608,0.0126271674059714,-22.80811195670371,-5.077167407624189,-177.58796840216635,6.314992977328945,0.1367761492729187,0.5302096605300903,False,0.5528563025034098,False,250,True
0.4034622350388676,0.4034622350388676,0.4034622350388676,0.010732989050546695,-21.832488780613865,-6.297163701117494,-177.0619128221661,3.1659505649669453,0.13821947574615479,0.5259845852851868,False,0.5474819590597652,False,252,True
0.3942575714897594,0.3942575714897594,0.3942575714897594,0.002425746114030352,-23.797562068926293,-6.933578851256559,-177.40116872573697,3.103982485633066,0.12769359350204468,0.5229483544826508,False,0.5425752381443423,False,254,True
,,,,,,,,0.12769359350204468,0.5229483544826508,False,0.5425752381443423,False,256,False
0.367113392372281,0.367113392372281,0.367113392372281,0.007034680860883472,-20.259960680993206,-8.44504878207171,-177.10108830577778,-12.022597716741556,0.14772093296051025,0.518134355545044,True,0.5640601905154738,False,258,True
0.3679016077053194,0.3679016077053194,0.3679016077053194,0.009219993806459104,-21.461521613996155,-8.49646070994182,-176.3431527962795,-4.950081200054643,0.14177197217941284,0.515726774930954,False,0.5543935073985699,False,260,True
0.38574333542069844,0.38574333542069844,0.38574333542069844,0.005921732911038085,-19.681874487197238,-8.856718886552665,-175.9145568817482,-1.4462154106292755,0.13681012392044067,0.5145628750324249,False,0.5464273809253408,False,262,True
0.3827220209199764,0.3827220209199764,0.3827220209199764,0.00432775115426804,-15.205812075758411,-9.398028906176522,-175.6454342696423,-5.231845130674377,0.14442408084869385,0.5127597451210022,False,0.5396938537644731,False,264,True
0.3951012642516646,0.3951012642516646,0.3951012642516646,0.007515535614152786,-16.20269610847501,-10.09697741804593,-173.97555447730494,-6.527835157244001,0.15108907222747803,0.5113607943058014,False,0.5340272418727388,False,266,True
0.37367389085660696,0.37367389085660696,0.37367389085660696,0.011242342413722404,-19.573245695715876,-10.257110338267703,-173.37304594578805,-7.906989187075637,0.1489207148551941,0.5098428726196289,False,0.5291903680221168,False,268,True
0.399381395393425,0.399381395393425,0.399381395393425,0.014539102220244692,-6.954179241373226,-9.72547622463151,-172.7967113222566,-7.517620889898959,0.17800486087799072,0.5075421333312988,False,0.5248607210839533,False,270,True
0.39040640407517546,0.39040640407517546,0.39040640407517546,0.016169787554188984,-14.548926277492567,-9.785378742606925,-172.58761404242395,-6.14628375910729,0.16161108016967773,0.5061112940311432,False,0.5211108356733913,False,272,True
0.4065392727692418,0.4065392727692418,0.4065392727692418,0.017130049692631762,-17.946673892549736,-9.948036272444332,-172.29669395978257,-6.6971193700316425,0.16209930181503296,0.5048807859420776,False,0.5178648257271287,False,274,True
0.38991076201612446,0.38991076201612446,0.38991076201612446,0.017037579887542283,-21.018683307479865,-9.948310879027673,-172.22553919431735,-6.09782032364756,0.153550922870636,0.5038610696792603,False,0.515064074517555,False,276,True
0.38588577016745185,0.38588577016745185,0.38588577016745185,0.013375534711206366,-21.566449480834024,-9.850440609994093,-171.92950673293987,-4.468786483986296,0.14784395694732666,0.5034058094024658,False,0.5127324214945371,False,278,True
0.3944246561590712,0.3944246561590712,0.3944246561590712,0.01993782485104544,-22.81828228884162,-9.618236337910416,-171.9488876574456,3.4054775545197966,0.14567559957504272,0.504831075668335,False,0.5111521523292968,False,280,True
0.3925348521673846,0.3925348521673846,0.3925348521673846,0.01984310304955759,-27.031752419988788,-10.176509632729703,-171.53800331913416,5.734190988113339,0.1415126919746399,0.5072689652442932,False,0.5103755149122962,False,282,True
0.38574761286735904,0.38574761286735904,0.38574761286735904,0.01711099329312456,-26.942787903154173,-9.624121281055567,-172.93955661769317,4.569908368812341,0.13943499326705933,0.5097284018993378,False,0.5102460923097045,False,284,True
0.37670272813677763,0.37670272813677763,0.37670272813677763,0.015765987291703164,-27.22014623340558,-9.237748465589362,-172.27862288724944,-2.8906486272974456,0.1457619071006775,0.5114009380340576,False,0.5104770614545752,False,286,True
0.38541148539092634,0.38541148539092634,0.38541148539092634,0.012570538884882758,-29.381785371497482,-9.108311104475735,-172.37506976560812,-4.234088853039746,0.14293766021728516,0.5135007798671722,False,0.5110818051370947,False,288,True
0.3803529162984108,0.3803529162984108,0.3803529162984108,0.0142975551898249,-30.500176260212534,-9.157772882093045,-172.04754170691913,-5.56503933952303,0.1452828049659729,0.5154308080673218,False,0.5119516057231401,False,290,True
,,,,,,,,0.1452828049659729,0.5154308080673218,False,0.5119516057231401,False,292,False
0.3784200249071864,0.3784200249071864,0.3784200249071864,0.004330372654146465,-20.977871899466578,-7.796767433288293,-174.26545090156569,-8.422652528739865,0.1425609588623047,0.5159206688404083,False,0.5127454183465938,False,294,True
0.4107526218066354,0.4107526218066354,0.4107526218066354,0.020283631793164298,-27.238292839924657,-7.076111063138809,-175.9035564469523,7.463766917285123,0.1391751766204834,0.5197020173072815,False,0.5141367381387314,False,296,True
0.4017915149669971,0.4017915149669971,0.4017915149669971,0.010238045568460911,-23.832092510349966,-6.384902241900941,-174.3165633473148,6.631036681356577,0.13379347324371338,0.5218652784824371,False,0.5156824462074726,False,298,True
0.4167512823239039,0.4167512823239039,0.4167512823239039,0.020283351037398593,-28.066248205364253,-7.881958115391089,-175.9524253143921,6.206213042096541,0.1407254934310913,0.5242841243743896,False,0.5174027818408561,False,300,True
0.4242758891388443,0.4242758891388443,0.4242758891388443,0.024289264269038793,-30.686720492190545,-6.167837898242721,-175.96798083308548,15.768177012688128,0.13444972038269043,0.5279450118541718,False,0.5195112278435192,False,302,True
0.41771921790787014,0.41771921790787014,0.41771921790787014,0.030674303103796846,-23.560288680298584,-4.669216534537731,179.2713894098943,16.86652134133484,0.40901702642440796,0.5368807911872864,False,0.5229851405122727,False,304,True
0.4071629265193168,0.4071629265193168,0.4071629265193168,0.03165646177494043,-22.83737078198115,-4.147308341131655,178.77979749116176,36.057945582410056,0.3733525276184082,0.5464745461940765,True,0.5483881124098182,False,306,True
0.41870936689727345,0.41870936689727345,0.41870936689727345,0.03477993163907467,-27.39043522403566,-2.8251083343299155,-179.70288001851833,26.54181364536426,0.13763964176177979,0.5459308922290802,True,0.5687104899278546,False,308,True
0.4286353601701187,0.4286353601701187,0.4286353601701187,0.05519506756176821,-28.5871616698345,-2.4705910534653013,-177.88115336758386,29.508806484144355,0.15918385982513428,0.547368735074997,True,0.5849683919422837,False,310,True
0.4095087037477194,0.4095087037477194,0.4095087037477194,0.03383900883328208,-28.76350459512183,-1.4793085549901834,-179.55737425453776,33.514508881818394,0.1304885745048523,0.5493130087852478,True,0.5979747135538269,False,312,True
0.4074093656879133,0.4074093656879133,0.4074093656879133,0.01384242960802443,-30.15431929621501,-0.4443880326018035,177.65329248979205,37.92965292588527,0.30864715576171875,0.5595234632492065,True,0.6083797708430616,False,314,True
,,,,,,,,0.30864715576171875,0.5595234632492065,True,0.6083797708430616,False,316,False
,,,,,,,,0.30864715576171875,0.5595234632492065,True,0.6083797708430616,False,318,False
0.375536355738355,0.375536355738355,0.375536355738355,0.03455577744547938,-26.73311598491424,-2.202034172363677,175.7975563881532,-10.959966658443237,0.4351281523704529,0.561202198266983,True,0.6167038166744493,False,320,True
0.3743190022842009,0.3743190022842009,0.3743190022842009,0.029785657898630344,-32.37048334262779,-2.6445274843356255,175.89996822325398,-1.4588964983497485,0.37256157398223877,0.561527818441391,False,0.6056686170278376,False,322,True
0.3843935763693394,0.3843935763693394,0.3843935763693394,0.048771673311126224,-30.37089052433465,-0.7021850926972995,175.38098279619595,8.501082853526052,0.4011440873146057,0.5619744658470154,False,0.5969297867916732,False,324,True
0.3990570910610557,0.3990570910610557,0.3990570910610557,0.04982174612697231,-32.391165651445064,-0.08966947787452735,172.7992532687426,8.647446382765365,0.40599626302719116,0.5615990161895752,False,0.5898636326712536,False,326,True
,,,,,,,,0.40599626302719116,0.5615990161895752,False,0.5898636326712536,False,328,False
0.3464668077720175,0.3464668077720175,0.3464668077720175,0.03207304467823264,-30.883911001589617,0.4721897434695438,173.6075546255777,11.302888849923697,0.32902878522872925,0.5602760910987854,False,0.58394612435676,False,330,True
0.36269301710500124,0.36269301710500124,0.36269301710500124,0.016921601935284216,-31.873788344095622,0.29391480070573883,173.54861466355044,9.472481001259109,0.3197697401046753,0.5591107606887817,False,0.5789790516231643,False,332,True
0.3669877154838219,0.3669877154838219,0.3669877154838219,0.005350535320816221,-31.679378869132798,1.0347858970456847,172.19481136965715,9.156770697312014,0.3061292767524719,0.5580784380435944,False,0.5747989289072504,False,334,True
0.3636220480923673,0.3636220480923673,0.3636220480923673,0.007794918830836712,-33.88999747025753,2.093890182188189,170.39019997737188,12.039924045385545,0.293154776096344,0.557373970746994,False,0.5713139372751992,False,336,True
0.38195976730065273,0.38195976730065273,0.38195976730065273,0.00281220103550862,-36.84411757966031,2.584264048956701,169.9167931008753,10.944620123180213,0.2876926064491272,0.5570133328437805,False,0.5684538163889155,False,338,True
0.3530844007872549,0.3530844007872549,0.3530844007872549,0.010601220618224095,-37.46210673600642,4.180273901703797,168.549308258978,11.404056882134174,0.2743375301361084,0.5559899210929871,False,0.5659610373297298,False,340,True
0.33902023397371406,0.33902023397371406,0.33902023397371406,0.01141836183150769,-37.62390426187582,4.128588021221411,169.22366435810548,12.595059482628093,0.26292747259140015,0.5551919639110565,False,0.5638072226459951,False,342,True
,,,,,,,,0.26292747259140015,0.5551919639110565,False,0.5638072226459951,False,344,False
,,,,,,,,0.26292747259140015,0.5551919639110565,False,0.5638072226459951,False,346,False
0.3982121830428207,0.3982121830428207,0.3982121830428207,0.038026925137880634,-42.42358449098689,7.278617790912552,167.4730933678372,36.10901309328207,0.2848549485206604,0.5590624213218689,True,0.5810457781167961,False,348,True
0.3663023901835549,0.3663023901835549,0.3663023901835549,0.02404879347021235,-43.13789566282573,10.110070143035621,164.97495477148289,28.907345224856954,0.2567405700683594,0.5623871386051178,True,0.5948366224934369,False,350,True
0.3467860441621389,0.3467860441621389,0.3467860441621389,0.01670299706951927,-41.76317983499819,12.11096839117164,163.4709808175021,32.67306700011335,0.23822712898254395,0.5659745335578918,True,0.6058692979947495,False,352,True
0.3322454380618302,0.3322454380618302,0.3322454380618302,0.013634265677652161,-40.89865881199154,12.322067645616523,164.04563453533893,34.90885917725027,0.22665047645568848,0.569845587015152,True,0.6146954383957997,False,354,True
0.3405514492391474,0.3405514492391474,0.3405514492391474,0.007656326699728688,-41.415090334441416,13.479574535969668,163.7612812371922,34.369647360372646,0.2239682674407959,0.5742574632167816,True,0.6217563507166397,False,356,True
0.3366108726198157,0.3366108726198157,0.3366108726198157,0.013184751137748493,-40.246250707749375,14.984601013585678,163.19414298664594,31.833100497154543,0.23574715852737427,0.5784988403320312,True,0.6274050805733118,False,358,True
0.3304503461590613,0.3304503461590613,0.3304503461590613,0.01019157243644395,-40.13754202530008,15.48666417994663,163.1956609066532,34.27943740626792,0.22753602266311646,0.5821951031684875,True,0.6319240644586495,False,360,True
0.33335773483251563,0.33335773483251563,0.33335773483251563,0.008295555029837889,-39.85619003127349,15.924819804207546,163.5641273531835,36.2425804927553,0.22629618644714355,0.5856773555278778,True,0.6355392515669196,False,362,True
0.33670096513388725,0.33670096513388725,0.33670096513388725,0.031971363037078496,-39.46298826357528,15.664400223613264,163.61579070928104,36.31187585481283,0.257091760635376,0.5886942148208618,True,0.6384314012535357,False,364,True
0.33595621061033487,0.33595621061033487,0.33595621061033487,0.043597564725087176,-38.95940584647411,15.23374371784549,163.85650102452436,39.962146171138386,0.26885998249053955,0.5911189317703247,True,0.6407451210028285,False,366,True
0.3057995016297103,0.3057995016297103,0.3057995016297103,0.041297515097735084,-37.74253872154082,14.674044674598852,163.9853547723245,38.745499484496555,0.2592078447341919,0.5929371118545532,True,0.6425960968022628,False,368,True
0.35290896118438164,0.35290896118438164,0.35290896118438164,0.04248220036918637,-35.52458051797682,8.852406627578862,169.3490826386853,36.236793304194435,0.2911704182624817,0.5963079333305359,True,0.6440768774418103,False,370,True
0.27123353718484056,0.27123353718484056,0.27123353718484056,0.02318427017142971,-30.749462266740718,8.787034531117392,167.40728393193234,28.966972176300107,0.2663361430168152,0.5982552766799927,True,0.6452615019534482,False,372,True
0.3003700161992316,0.3003700161992316,0.3003700161992316,0.013467559197431329,-28.98276341206938,6.2622643557943904,169.15773367540882,22.532484183133285,0.2651190161705017,0.6007595062255859,False,0.6363611028078758,False,374,True
0.34593801887800313,0.34593801887800313,0.34593801887800313,0.012402071893229272,-26.67969215200758,3.7640211897043225,170.03527097981348,20.410960816226137,0.3042755722999573,0.6036352813243866,False,0.629815938511178,False,376,True
0.34052911083014337,0.34052911083014337,0.34052911083014337,0.008088267017783349,-26.28112438754434,1.5328803979666736,170.1922716632416,19.81220253566167,0.2963100075721741,0.605100691318512,False,0.6248728890726448,False,378,True
0.34961432761420486,0.34961432761420486,0.34961432761420486,0.007235322785404001,-24.628977367369927,-0.6502907608867174,172.2115596140063,17.60780843714286,0.31281548738479614,0.6056415438652039,False,0.6210266200311567,False,380,True
0.34135214039739725,0.34135214039739725,0.34135214039739725,0.009589107003210483,-23.399447441502904,-1.9922647208217081,172.87468515233834,22.669508864526772,0.30825626850128174,0.6049566268920898,False,0.6178126214033434,False,382,True
0.35004238566490037,0.35004238566490037,0.35004238566490037,0.009041859693676968,-19.391234996030907,-2.9547556250027154,175.03375464866798,19.491379779747756,0.33812618255615234,0.6039250195026398,False,0.6150351010232027,False,384,True
0.37548305096346535,0.37548305096346535,0.37548305096346535,0.005990210851212671,-15.514861206334423,-4.159745920901546,176.18283626818456,17.42289072118413,0.3794061541557312,0.6023754775524139,False,0.6125031763290449,False,386,True
0.3624296392460431,0.3624296392460431,0.3624296392460431,0.0028400740147593905,-13.61750364866954,-4.77734458080388,177.80342938283857,17.261176115790153,0.37867212295532227,0.5990822315216064,False,0.6098189873675572,False,388,True
0.37102247428118734,0.37102247428118734,0.37102247428118734,0.003620910878585928,-7.764755560003048,-5.517971734777132,-179.1605479856351,13.375853836145394,0.1310911774635315,0.588103711605072,False,0.6054759322150602,False,390,True
0.32820996680059733,0.32820996680059733,0.32820996680059733,0.005669175509467942,10.680311986324295,-6.173844904601808,-177.060758329599,11.382631629445031,0.22911763191223145,0.5744033753871918,False,0.5992614208494865,False,392,True
0.32343505057852096,0.32343505057852096,0.32343505057852096,0.00601579917822439,11.581681453333267,-5.9742618728660375,-175.76858175550305,9.072361563041012,0.24252766370773315,0.5595224499702454,False,0.5913136266736383,False,394,True
0.34778745797813515,0.34778745797813515,0.34778745797813515,0.013115010846749936,16.713629979896478,-5.760986587863827,-174.69434723707286,5.810536428439178,0.28905463218688965,0.5439059734344482,False,0.5818320960258003,False,396,True
0.37696353037383523,0.37696353037383523,0.37696353037383523,0.01699721192643438,21.192001512337672,-6.3347707383598015,-173.68766286043854,5.910383801443534,0.3124139904975891,0.5278834700584412,False,0.5710423708323284,False,398,True
0.3936321225319409,0.3936321225319409,0.3936321225319409,0.02012935813413368,21.71461558384596,-6.800934457237261,-172.211644625999,11.895914452519648,0.3053661584854126,0.5127145051956177,False,0.5593767977049863,False,400,True
,,,,,,,,0.3053661584854126,0.5127145051956177,False,0.5593767977049863,False,402,False
,,,,,,,,0.3053661584854126,0.5127145051956177,False,0.5593767977049863,False,404,False
,,,,,,,,0.3053661584854126,0.5127145051956177,False,0.5593767977049863,False,406,False
,,,,,,,,0.3053661584854126,0.5127145051956177,False,0.5593767977049863,False,408,False
,,,,,,,,0.3053661584854126,0.5127145051956177,False,0.5593767977049863,False,410,False
0.4173855914674109,0.4173855914674109,0.4173855914674109,0.013265270921774788,20.661405141231167,-7.657230072204773,-170.78624996291333,-11.181419782832538,0.2972278594970703,0.4957093596458435,True,0.577501438163989,False,412,True
0.3947814451046243,0.3947814451046243,0.3947814451046243,0.012360300379929095,23.046438509090482,-6.499072356940582,-171.40540331938746,-13.606798822930301,0.31938785314559937,0.47894811630249023,True,0.5920011505311913,False,414,True
0.41342613457490374,0.41342613457490374,0.41342613457490374,0.008993655898847859,24.314607578615476,-7.055473711351908,-171.42296264811475,-10.86422464986028,0.3103322982788086,0.4643428921699524,True,0.6036009204249531,False,416,True
0.41899965027658526,0.41899965027658526,0.41899965027658526,0.004659476496748749,25.136076694269875,-7.63649538835129,-172.43537508527982,-10.159994930199314,0.3056093454360962,0.45180851221084595,True,0.6128807363399624,False,418,True
0.4251516764109956,0.4251516764109956,0.4251516764109956,0.002496933110118221,24.107999948085464,-7.698622919135075,-173.71722928691372,-11.71208530834779,0.2968546748161316,0.44143861532211304,True,0.62030458907197,False,420,True
0.40205259351655576,0.40205259351655576,0.40205259351655576,0.011695214615754105,21.666809573751234,-8.561617555756206,-174.66983583770264,-8.04648053637618,0.29945987462997437,0.4337548613548279,True,0.626243671257576,False,422,True
0.38214507537056697,0.38214507537056697,0.38214507537056697,0.008825539998416692,19.804006376898833,-8.65732531287299,-175.7324433090469,-10.96139086157928,0.29871034622192383,0.4276486039161682,True,0.6309949370060608,False,424,True
0.3782256271720222,0.3782256271720222,0.3782256271720222,0.002874999340566748,17.179251586922426,-9.136404680957297,-177.33310948563954,-10.439931120405658,0.2742607593536377,0.42344731092453003,True,0.6347959496048486,False,426,True
0.3903960440117069,0.3903960440117069,0.3903960440117069,0.002255156269780539,14.076817530933386,-8.717783148615212,-178.1780428286378,-10.174113506233033,0.2528303265571594,0.4209017753601074,True,0.637836759683879,False,428,True
0.3611915413253939,0.3611915413253939,0.3611915413253939,0.0035786204778751516,10.973060154994318,-8.323636687055842,-179.42668543776998,-10.974416303746219,0.2405107617378235,0.41933536529541016,True,0.6402694077471032,False,430,True
0.36633743645855577,0.36633743645855577,0.36633743645855577,0.0007036690977698253,9.783443091036009,-8.083007864555043,179.88523429526256,-10.776923858402371,0.45515525341033936,0.42061060667037964,True,0.6422155261976825,False,432,True
0.3661295205199423,0.3661295205199423,0.3661295205199423,0.005829523170171801,6.320549506596105,-7.261699810539038,179.89814882048506,-11.065277657780891,0.4593028426170349,0.42270994186401367,True,0.643772420958146,False,434,True
0.3567958492517171,0.3567958492517171,0.3567958492517171,0.005792379297572093,-4.281266905776118,-7.030191306753872,178.37800816131647,-8.885026505583584,0.4689159393310547,0.4255279302597046,True,0.6450179367665169,False,436,True
0.38694094801247947,0.38694094801247947,0.38694094801247947,0.0068688981111191755,1.9126743115040215,-6.744676093222172,-178.0207385897219,-8.97291663072144,0.19727957248687744,0.42591172456741333,True,0.6460143494132136,False,438,True
0.3627804089279216,0.3627804089279216,0.3627804089279216,0.008951956027087283,-2.5798000812475985,-6.244680955468824,-178.1147079204373,-6.8207620667177515,0.17553645372390747,0.4263271689414978,False,0.6020769133188704,False,440,True
0.3663900849662224,0.3663900849662224,0.3663900849662224,0.003966527422378342,7.835511418547746,-6.007477035445407,-176.17903144837535,-6.640018190699802,0.2178402543067932,0.42649132013320923,False,0.5669597946817382,False,442,True
0.3475309619906932,0.3475309619906932,0.3475309619906932,0.003968741184623522,4.635361752689459,-5.901969609803925,-175.84417866096243,-7.360490131811875,0.2056030035018921,0.4271128177642822,False,0.538990399298247,False,444,True
0.2384695822472006,0.2384695822472006,0.2384695822472006,0.00632806019526255,-15.412035926560407,-5.474141230966995,179.26411491402615,-4.387832696376237,0.3831380605697632,0.43034827709198,False,0.5172619748569935,False,446,True
0.20832722703366674,0.20832722703366674,0.20832722703366674,0.00812044830319351,-13.507642374881106,-5.184412755941869,179.8784005591915,-4.508825792365938,0.5340575575828552,0.43532007932662964,False,0.520621091402166,False,448,True
0.22755622129573017,0.22755622129573017,0.22755622129573017,0.009674702869604427,-9.089414753966176,-5.022033388938905,-179.80604392582015,-5.896075646805663,0.47413015365600586,0.43955135345458984,False,0.511322903852934,False,450,True
0.3240134627933935,0.3240134627933935,0.3240134627933935,0.011401692671541503,-11.761040054317215,-5.667294204871653,-177.01431725042693,-4.477052486465454,0.15608662366867065,0.4433269500732422,False,0.4977237130969957,False,452,True
0.3476229017352144,0.3476229017352144,0.3476229017352144,0.010150768879118255,-19.586880037450545,-5.305992278923581,-176.36594726293487,-7.422615202533202,0.14668697118759155,0.4462064504623413,False,0.4874202605700649,False,454,True
0.278391254167523,0.278391254167523,0.278391254167523,0.008016730020481921,-21.116213710823146,-3.965497056642676,-177.0834479583465,-7.307508988120511,0.17512261867523193,0.4487513303756714,False,0.4796864745311862,False,456,True
0.18213949119438586,0.18213949119438586,0.18213949119438586,0.01013626146105457,11.233794806462381,-3.782048823338934,-173.81030811124506,-7.299706697778166,0.8213610798120499,0.4523940682411194,False,0.548021395587359,False,458,True
0.1996283720097659,0.1996283720097659,0.1996283720097659,0.009431475402340454,16.033219442171,-3.215957464435465,-171.82481257037938,-8.17244470627369,0.7817006558179855,0.4562038779258728,False,0.5947572476334844,False,460,True
0.17941319326679533,0.17941319326679533,0.17941319326679533,0.011851387976033545,15.620036370763625,-2.4096145851684017,-170.7993948500514,-10.388413693551216,0.8361832201480865,0.45938974618911743,False,0.6430424421364048,False,462,True
0.15853255361575003,0.15853255361575003,0.15853255361575003,0.010638635734050965,12.77996117589106,-2.331598835415296,-169.7305569340908,-5.868741946851563,0.8716971278190613,0.46237117052078247,False,0.6887733792729362,False,464,True
0.04945418482293054,0.04945418482293054,0.04945418482293054,0.021575957151978856,4.3502820583294035,-2.3246913905829683,-169.56893704647433,-4.059837221677834,0.9733765795826912,0.467110276222229,False,0.7456940193348873,False,466,True
0.08724648173133487,0.08724648173133487,0.08724648173133487,0.018905327105531302,4.54367957905589,-3.0671382258490154,-168.0207497830715,1.0440797802464963,0.9521419107913971,0.4725726246833801,False,0.7869835976261893,False,468,True
0.08649543537944804,0.08649543537944804,0.08649543537944804,0.018355273022462534,-6.463335218258208,-3.6215551490169577,-162.18132516180853,25.318285492256372,0.9480237923562527,0.48058485984802246,True,0.8191916365722021,False,470,True
,,,,,,,,0.9480237923562527,0.48058485984802246,True,0.8191916365722021,False,472,False
,,,,,,,161.60727550623668,0.9480237923562527,0.48058485984802246,True,0.8191916365722021,False,474,False
,,,,,,,,0.9480237923562527,0.48058485984802246,True,0.8191916365722021,False,476,False
,,,,,,,,0.9480237923562527,0.48058485984802246,True,0.8191916365722021,False,478,False
,,,,,,,,0.9480237923562527,0.48058485984802246,True,0.8191916365722021,False,480,False
,,,,,,,,0.9480237923562527,0.48058485984802246,True,0.8191916365722021,False,482,False
,,,,,,,,0.9480237923562527,0.48058485984802246,True,0.8191916365722021,False,484,False
0.16740580726554566,0.16740580726554566,0.16740580726554566,0.020676467754938973,-2.494200895169254,-13.915013499413359,173.71241932304815,-11.33941199906945,0.7901449352502823,0.4876548647880554,True,0.8133822963078181,False,486,True
0.25537639508213694,0.25537639508213694,0.25537639508213694,0.013740502522763272,12.081730375794379,-16.419455918015952,162.00294579359624,-29.338712185337272,0.46884602308273315,0.4897443652153015,True,0.7807058370462545,False,488,True
0.2697030105179459,0.2697030105179459,0.2697030105179459,0.007986311764956452,-8.276840282608621,-14.505294179282343,161.64468041625085,-38.03592209434773,0.5088498890399933,0.4852030873298645,True,0.7545646696370036,False,490,True
0.25041166091977674,0.25041166091977674,0.25041166091977674,0.02017736070495897,-16.53983113840851,-12.89298014749329,159.1190593369159,-0.06753098760182534,0.34500783681869507,0.48406368494033813,False,0.7004644726976705,True,492,True
0.2751066564723719,0.2751066564723719,0.2751066564723719,0.007485724461907873,-20.982287358699075,-14.913867631231536,162.0241839938012,-9.026286861921502,0.33177709579467773,0.48383665084838867,False,0.6571389083278142,True,494,True
0.2915004706855676,0.2915004706855676,0.2915004706855676,0.010832484167234507,-18.33309118644723,-14.63305767476112,163.96345440201213,-13.480691600444777,0.36663854122161865,0.48294228315353394,True,0.6557111266622514,True,496,True
0.30363945149261684,0.30363945149261684,0.30363945149261684,0.01443357015132372,-18.942553750451378,-14.957577443115293,165.65771895217074,-16.785283960173413,0.38637787103652954,0.48098134994506836,True,0.6545689013298012,True,498,True
0.30319571044547067,0.30319571044547067,0.30319571044547067,0.009039735422741784,-18.70390211819144,-11.804503159464712,165.2416420150735,-16.330995243431243,0.3780352473258972,0.47842490673065186,True,0.6536551210638409,True,500,True
0.30604225565543774,0.30604225565543774,0.30604225565543774,0.007290403087993885,-22.81175240653443,-8.620532245942666,165.21430332445303,-12.399476981214619,0.3450956344604492,0.4762493968009949,False,0.6181739762112718,True,502,True
0.27542411131161254,0.27542411131161254,0.27542411131161254,0.01431550378255964,-25.420228366213816,-4.890610976336885,164.23903064448646,-6.6530426356615004,0.3293227553367615,0.47501295804977417,False,0.5895417725789722,True,504,True
0.30145033301830515,0.30145033301830515,0.30145033301830515,0.024742626580294868,-28.101108785044335,-3.118654404648076,165.15300191563333,-7.498652186870866,0.33925074338912964,0.4743422865867615,False,0.5665018753805301,True,506,True
0.30704310702803084,0.30704310702803084,0.30704310702803084,0.03627495685173517,-27.467998010805744,-0.5204886200449506,164.07126650165165,-14.134641122871912,0.38567614555358887,0.47239017486572266,True,0.5832015003044241,True,508,True
0.2981838528788831,0.2981838528788831,0.2981838528788831,0.042294304916174134,-29.760544783304056,1.0979241108349618,163.9792209660418,-4.444590621016787,0.35653573274612427,0.4722244143486023,False,0.5610060831132597,True,510,True
0.29924947731595763,0.29924947731595763,0.29924947731595763,0.04016816303710284,-30.473883171649483,4.6481129146666325,162.65652044367133,1.2203352730584474,0.3318660259246826,0.47388333082199097,False,0.543581532655006,True,512,True
0.2913722295711228,0.2913722295711228,0.2913722295711228,0.04085829983618242,-31.563624746462757,8.304380836803212,160.8572725266198,6.766666284482022,0.3173776865005493,0.4770975112915039,False,0.5302847283823056,True,514,True
0.27162081737472993,0.27162081737472993,0.27162081737472993,0.04227081999777756,-31.1027177550244,10.064364257032114,159.9218710700356,6.74985887407017,0.33480966091156006,0.4806307554244995,False,0.5203539337907443,True,516,True
0.3148054920028257,0.3148054920028257,0.3148054920028257,0.03290079047661811,-32.09678417716427,11.603308155783235,159.47439100602722,6.623715289665326,0.30846816301345825,0.4852287173271179,False,0.5133288904980191,True,518,True
0.3091401759950617,0.3091401759950617,0.3091401759950617,0.02282315259560184,-33.90146021143678,12.803286682518227,159.17294729382024,11.14492220679129,0.2776721715927124,0.4905913472175598,False,0.5087813818419272,True,520,True
0.2981284781251678,0.2981284781251678,0.2981284781251678,0.014613686362993062,-34.50590996895468,14.222233669317545,158.23834550929018,15.56789516777872,0.2592300772666931,0.49684715270996094,False,0.506394536015534,True,522,True
0.2985382845613591,0.2985382845613591,0.2985382845613591,0.010756735892206767,-35.450215798039515,16.29455063522364,157.43849148118554,16.226423410119093,0.25294768810272217,0.5034064054489136,False,0.5057969099022099,True,524,True
0.29755807436329673,0.29755807436329673,0.29755807436329673,0.01002391552173488,-35.54784210636282,17.349617695313587,157.9559516156179,18.102977631573747,0.25089865922927856,0.510263055562973,True,0.534637527921768,True,526,True
0.29322543314941824,0.29322543314941824,0.29322543314941824,0.013224224054636684,-35.88638818587837,17.66552754566876,157.89369756268272,17.538170987567888,0.2562001347541809,0.5167764127254486,True,0.5577100223374144,True,528,True
0.28671740468708107,0.28671740468708107,0.28671740468708107,0.012898280983465566,-35.592222691772534,18.06651618539098,158.57514188991843,22.77885878052269,0.25208479166030884,0.5236175060272217,True,0.5761680178699315,True,530,True
0.2922401367164996,0.2922401367164996,0.2922401367164996,0.014442139489607281,-35.03533358973696,17.972653316060555,159.76593398557713,17.941887791694555,0.2605806589126587,0.5300476551055908,True,0.5909344142959453,True,532,True
0.3220707125273632,0.3220707125273632,0.3220707125273632,0.019183788156048782,-34.63831950888886,17.405602188492875,159.63037751625114,21.790850573925983,0.2674301862716675,0.5370845794677734,True,0.6027475314367563,True,534,True
0.3316300192780617,0.3316300192780617,0.3316300192780617,0.0353776257192164,-34.495606514352744,14.713685037473214,159.01918186440193,26.653497291540685,0.28782838582992554,0.5445667803287506,True,0.612198025149405,True,536,True
0.30134092518743216,0.30134092518743216,0.30134092518743216,0.026371821232916468,-35.20857307656417,13.793709722170135,159.46250416629832,29.16714861895262,0.25496411323547363,0.5513536036014557,True,0.6197584201195241,True,538,True
0.3046879417488516,0.3046879417488516,0.3046879417488516,0.03017439518311628,-35.06696125782047,11.557045622322562,160.0618849917365,24.030392958056925,0.2643665075302124,0.5576713979244232,True,0.6258067360956193,True,540,True
0.3202185377069503,0.3202185377069503,0.3202185377069503,0.034951070814338236,-35.29753027884296,10.421785346536959,161.04493809299302,24.669671162662134,0.2762945294380188,0.5636579394340515,True,0.6306453888764955,True,542,True
,,,,,,,,0.2762945294380188,0.5636579394340515,True,0.6306453888764955,True,544,False
0.32088112718236184,0.32088112718236184,0.32088112718236184,0.03180429522493035,-34.89113899797134,7.817651808783916,163.62606301191687,10.761264976535648,0.2901657819747925,0.5682442784309387,False,0.6181651667873842,True,546,True
0.31780121527931693,0.31780121527931693,0.31780121527931693,0.019051938432194524,-30.620416613390447,6.468058078433352,165.198795813592,16.0847101883229,0.2818344831466675,0.5716860294342041,False,0.6088693393167481,True,548,True
0.31010648347577274,0.31010648347577274,0.31010648347577274,0.014580588291745262,-29.472401364664417,5.2079751032954995,166.39933659341844,14.89747320475178,0.27675002813339233,0.5739671587944031,False,0.6018889032122792,True,550,True
0.32669534788347654,0.32669534788347654,0.32669534788347654,0.012062872648576117,-27.448524635286542,3.5588600203172076,167.71704792075795,11.075764182456243,0.30216288566589355,0.5755482614040375,False,0.5966207748506309,True,552,True
0.3314009496379463,0.3314009496379463,0.3314009496379463,0.015115838934084639,-24.690992937656542,2.5839462811496507,167.59542854323013,18.802753411394672,0.30745452642440796,0.5769382119178772,True,0.6072966198805048,True,554,True
0.2335458028163344,0.2335458028163344,0.2335458028163344,0.008212944681410006,-22.498373153169663,0.7945495857334326,167.36142840766595,13.417279898078885,0.30692166090011597,0.5748468637466431,False,0.6008066686537324,True,556,True
,,,,,,,,0.30692166090011597,0.5748468637466431,False,0.6008066686537324,True,558,False
0.35073271982684545,0.35073271982684545,0.35073271982684545,0.014917175526754825,-12.913551024025933,-3.564255197738648,173.62557003966702,1.2718776224478838,0.4318229556083679,0.5739041864871979,False,0.5954261722204256,True,560,True
0.32450162790032616,0.32450162790032616,0.32450162790032616,0.006524215919523038,9.064124790508668,-4.075557947822807,175.17823262913146,10.16222059813613,0.4668036103248596,0.570994108915329,False,0.5905397595594063,True,562,True
0.36078332257772916,0.36078332257772916,0.36078332257772916,0.012033083828406527,13.863138775923517,-4.4159436573045285,176.08810758737323,5.128695634554963,0.44978004693984985,0.5649799704551697,False,0.585427801738559,True,564,True
0.3469471368482208,0.3469471368482208,0.3469471368482208,0.010579071178098906,16.07359996329889,-4.144923550005356,176.56673325376838,1.869961884655891,0.4546849727630615,0.5549818575382233,False,0.5793386128984919,True,566,True
0.34678327255188135,0.34678327255188135,0.34678327255188135,0.01564569079588907,17.53080196798646,-3.802075936689946,176.6416508758878,6.01222676527525,0.4554159641265869,0.5429531931877136,False,0.5720615289563362,True,568,True
0.35988833319674224,0.35988833319674224,0.35988833319674224,0.009945228388872268,19.55389540185252,-3.8683788060806537,176.3419240072224,4.338312934850932,0.4473259449005127,0.5294341444969177,False,0.5635360520644526,True,570,True
0.35250204919855294,0.35250204919855294,0.35250204919855294,0.00973756213191292,21.7684654817998,-4.043862505073685,178.05530270504883,8.450881178553217,0.4443890452384949,0.5160864293575287,False,0.5540461275230678,True,572,True
0.35347445904953684,0.35347445904953684,0.35347445904953684,0.0068904854422852605,24.04262935029911,-4.535688326073947,178.19518531398364,7.169180879293419,0.4375424385070801,0.5030592679977417,False,0.5438487556180026,True,574,True
0.35531602428607734,0.35531602428607734,0.35531602428607734,0.00821627112658956,23.86378706395409,-4.613743897629072,178.73269533450463,5.974742469094686,0.43844884634017944,0.4909129738807678,False,0.5332615992705557,True,576,True
0.35549060444587965,0.35549060444587965,0.35549060444587965,0.01473289961501327,22.208859726009944,-4.844000458672103,178.51807627891264,-5.311599151895538,0.44223594665527344,0.478130042552948,False,0.5222352879270342,True,578,True
0.35602412546492057,0.35602412546492057,0.35602412546492057,0.016603924596157726,21.241959093169903,-4.4683336530044615,178.63104400227328,3.600092655040005,0.4478856325149536,0.4679257869720459,False,0.5113733877360366,True,580,True
0.37024778974313033,0.37024778974313033,0.37024778974313033,0.015943898470285534,22.199590754877615,-3.8957876734640973,179.72131577487275,4.800533345887919,0.4469834566116333,0.45950764417648315,False,0.5010002390241259,True,582,True
0.3862236515746216,0.3862236515746216,0.3862236515746216,0.017717035151227297,21.71415671266146,-2.675722423337755,179.44029214610356,6.269174384061476,0.4422425627708435,0.45280468463897705,False,0.4913611281470962,True,584,True
0.40389147604439135,0.40389147604439135,0.40389147604439135,0.015850685716007007,21.026984361619554,-2.075394956597034,-179.50307510460343,9.550539571524899,0.2895488142967224,0.4420759677886963,False,0.4815040960754162,True,586,True
0.3885609472342241,0.3885609472342241,0.3885609472342241,0.016919815736083588,20.426144845430727,-1.1035032550575734,-178.32259792276747,8.303242724448452,0.2985827326774597,0.4317070245742798,False,0.471544681775189,True,588,True
0.39003327537294985,0.39003327537294985,0.39003327537294985,0.01651581169105423,21.949899675940888,-0.7894770241091885,-178.03918330577403,4.7586711695594275,0.309451699256897,0.423200786113739,False,0.461875902642899,True,590,True
0.38890327177699585,0.38890327177699585,0.38890327177699585,0.01884905212197012,20.379213827959468,0.06602716381605873,-177.5536892096485,0.8883057196814531,0.30488312244415283,0.4166693091392517,False,0.4528345839421696,True,592,True
0.3887803804990456,0.3887803804990456,0.3887803804990456,0.017880336571566083,21.014054488204273,0.0962895193066154,-177.22867297926777,-1.347582575187892,0.3099733591079712,0.4118087887763977,False,0.44462942490901525,True,594,True
0.3985878551670213,0.3985878551670213,0.3985878551670213,0.011813795158894125,21.739312485887623,-0.1633163548295134,-177.1140570895714,2.4612964029603353,0.29923224449157715,0.40894991159439087,False,0.4374935222460904,True,596,True
0.39382738903178477,0.39382738903178477,0.39382738903178477,0.011772029948748727,20.32612868356318,-1.3248153300380958,-178.48902064458332,2.6505829104206886,0.2910667657852173,0.4074479937553406,False,0.43148441654794045,True,598,True
0.3121613932448525,0.3121613932448525,0.3121613932448525,0.011155440195224438,19.841419294442204,-2.6876575718277773,179.7262178783966,3.081005257860743,0.4486897587776184,0.410839319229126,False,0.43492548499387607,True,600,True
0.36593392401533864,0.36593392401533864,0.36593392401533864,0.005430737657510757,16.990340966029443,-4.168228172415779,178.70526971402398,1.1718696976913412,0.4454333186149597,0.4154844284057617,False,0.4370270517180928,True,602,True
0.32513502991143206,0.32513502991143206,0.32513502991143206,0.004482178524404465,7.412789848027627,-6.139616489394313,177.27583024177446,-0.3948591707300765,0.47038090229034424,0.4193282127380371,False,0.44369782183254314,True,604,True
0.33288854543156976,0.33288854543156976,0.33288854543156976,0.008364391365099763,-5.553481782987569,-6.283520912711779,175.89009631157856,0.0016494643982085885,0.46337783336639404,0.42317867279052734,False,0.44763382413931335,True,606,True
0.34310407465789383,0.34310407465789383,0.34310407465789383,0.018782933128985088,-8.86301353454948,-6.385716803545708,176.3764677271622,-0.05433843228447327,0.46289491653442383,0.4270293116569519,False,0.45068604261833545,True,608,True
0.35899805050811706,0.35899805050811706,0.35899805050811706,0.014458194696012535,-9.784028465767808,-5.923089667810795,177.76340730939856,-8.242520994795433,0.4703534245491028,0.4294121265411377,False,0.45461951900448894,True,610,True
0.35186277573013897,0.35186277573013897,0.35186277573013897,0.009749229103454285,-14.9476597669697,-5.483700226142134,178.1236298449173,-5.227415082083433,0.42367613315582275,0.4321538209915161,False,0.45012637940189437,True,612,True
0.36137605908841247,0.36137605908841247,0.36137605908841247,0.005741566974527789,-18.834255454843262,-5.60513326331846,178.68232478571903,-2.9600383971632787,0.39235997200012207,0.4359942078590393,False,0.4472999450933234,True,614,True
0.34391621760746865,0.34391621760746865,0.34391621760746865,0.003778066697438966,-20.91443562731309,-5.163248277145061,177.52690793260228,0.41610164416427387,0.3500977158546448,0.4410175681114197,False,0.4460434696969427,True,616,True
0.3436304585730541,0.3436304585730541,0.3436304585730541,0.0037762244088398924,-19.887599663855028,-5.082769471584531,177.92029410605753,3.7896164190502244,0.3496686816215515,0.4476197361946106,False,0.4463587229964763,True,618,True
0.358935069664273,0.358935069664273,0.358935069664273,0.010881761532973216,-15.393650836168627,-3.6215232701252393,174.16597977722608,15.596013304023545,0.3794991374015808,0.45735299587249756,False,0.4485575775716806,True,620,True
0.34624186514208527,0.34624186514208527,0.34624186514208527,0.007361767473375575,-15.48601544881406,-4.31466113947349,175.86922345618976,24.95169407086889,0.34219545125961304,0.4695240259170532,True,0.4888460620573445,True,622,True
0.3583732332554137,0.3583732332554137,0.3583732332554137,0.03843550760522544,-20.358361597782643,-5.532344491545959,-179.33243043430917,19.020630584052437,0.14515304565429688,0.4755287766456604,True,0.5210768496458756,True,624,True
0.3728103047142282,0.3728103047142282,0.3728103047142282,0.06051771595592054,-26.071057082526405,-4.478770915986118,179.80467912704873,11.712550207309967,0.42611879110336304,0.4861469864845276,False,0.514090877013606,True,626,True
0.3890257349183247,0.3890257349183247,0.3890257349183247,0.04454697250001819,-26.861107234523285,-3.8736448377743318,177.14732451006657,13.27314456310537,0.4056462049484253,0.4962612986564636,False,0.5105249613421775,True,628,True
0.36668938935475087,0.36668938935475087,0.36668938935475087,0.02446498040622644,-32.72847473754811,-2.2542551298330062,176.1240207909624,7.1494943860899065,0.33457136154174805,0.5038482546806335,False,0.5091896200098687,True,630,True
0.2587276847212448,0.2587276847212448,0.2587276847212448,0.04376280154278153,-36.51357766908278,-0.14509479330982594,173.91891671085315,16.034291830737565,0.30615246295928955,0.5097851753234863,False,0.5093087310725922,True,632,True
0.27308173029460414,0.27308173029460414,0.27308173029460414,0.08627217904393247,-52.22888110686594,169.60171956675254,-161.79699359745385,21.458425901533722,0.49861031770706177,0.4988850951194763,True,0.5374469848580739,True,634,True
0.534162549167567,0.534162549167567,0.534162549167567,0.2571095665666919,-0.11078872864346816,-10.521449473345887,-100.46958491471702,22.593269954625843,0.4522807002067566,0.5005757212638855,True,0.5599575878864591,True,636,True
,,,,,,,23.472925837602688,0.4522807002067566,0.5005757212638855,True,0.5599575878864591,True,638,False
,,,,,,,,0.4522807002067566,0.5005757212638855,True,0.5599575878864591,True,640,False
,,,,,,,92.17978395646598,0.4522807002067566,0.5005757212638855,True,0.5599575878864591,True,642,False
,,,,,,,72.23678584974766,0.4522807002067566,0.5005757212638855,True,0.5599575878864591,True,644,False
0.3467440848665862,0.3467440848665862,0.3467440848665862,0.057330937922295766,-43.17007725913235,-15.578323570358192,177.61342312698866,114.8458224177322,0.18441295623779297,0.5142372250556946,True,0.5779660703091674,True,646,True
0.4241422638852289,0.4241422638852289,0.4241422638852289,0.03613050442978296,-52.87803694594924,168.7524654921135,171.6406985019872,121.33555014251678,0.42228007316589355,0.5303721129894257,True,0.5923728562473339,True,648,True
0.47204072812546205,0.47204072812546205,0.47204072812546205,0.08172010687547554,-0.003518322568305158,11.150034675132998,-169.24525859861708,115.68219893791287,0.2591747045516968,0.5377086102962494,True,0.6038982849978671,True,650,True
0.517707304108654,0.517707304108654,0.517707304108654,0.03069531643814691,-68.8191926500748,-178.9465780627677,167.84904816845187,114.15346151341481,0.14509057998657227,0.5590968728065491,True,0.6131186279982938,True,652,True
0.4283161528454952,0.4283161528454952,0.4283161528454952,0.03463390859824263,-49.91262985792611,-178.99308827143167,167.38699845006275,107.27230120278163,0.18257582187652588,0.5820201635360718,True,0.620494902398635,True,654,True
0.25726134632253383,0.25726134632253383,0.25726134632253383,0.053229808835421825,-45.140184920631874,-2.6305213622180803,172.83516767163846,97.02610704073935,0.21344709396362305,0.5849285125732422,True,0.626395921918908,True,656,True
,,,,,,,,0.21344709396362305,0.5849285125732422,True,0.626395921918908,True,658,False
0.351596399372495,0.351596399372495,0.351596399372495,0.020712606334470737,-38.7794794326101,-1.0967330126423978,175.97842730351783,28.594392291265148,0.2575245499610901,0.5956157147884369,True,0.6311167375351264,True,660,True
0.35638061421812084,0.35638061421812084,0.35638061421812084,0.009602583073681434,-33.79758915231508,0.06378804213639834,174.82044178395492,32.67773709854146,0.2590523958206177,0.6010825037956238,True,0.6348933900281012,True,662,True
0.3569831949496257,0.3569831949496257,0.3569831949496257,0.003833853466375593,-31.846362094079417,-0.31415301868645057,175.6491950188859,35.04586681926062,0.25609469413757324,0.6045653522014618,True,0.637914712022481,True,664,True
0.37825340671427576,0.37825340671427576,0.37825340671427576,0.003103119167162939,-31.60469279043406,-0.5546361921222426,176.76327429140417,37.941000322059445,0.2657666802406311,0.6068072021007538,True,0.6403317696179848,True,666,True
,,,,,,,,0.2657666802406311,0.6068072021007538,True,0.6403317696179848,True,668,False
0.35621142438862763,0.35621142438862763,0.35621142438862763,0.012572608938172782,-32.38653932023321,-0.320056820879447,177.92188251804944,0.5118580789453259,0.3214389681816101,0.6092925071716309,False,0.6341239171287141,True,670,True
0.3733019601442214,0.3733019601442214,0.3733019601442214,0.0020883084598342897,-30.620500573215274,0.20563507935623446,177.9280634975046,18.32087680791788,0.2983649969100952,0.6090775430202484,True,0.6372991337029713,True,672,True
,,,,,,,,0.2983649969100952,0.6090775430202484,True,0.6372991337029713,True,674,False
0.35450337309770386,0.35450337309770386,0.35450337309770386,0.012858258952943633,-27.59681425121978,1.4481130539055813,178.09281987871086,7.878336535452517,0.33152908086776733,0.6070023477077484,False,0.6312397765039268,True,676,True
,,,,,,,,0.33152908086776733,0.6070023477077484,False,0.6312397765039268,True,678,False
,,,,,,,,0.33152908086776733,0.6070023477077484,False,0.6312397765039268,True,680,False
0.3496421101423662,0.3496421101423662,0.3496421101423662,0.01632210908756094,-26.44421129256204,2.33559891081747,177.21628234166658,8.149686333125844,0.33796775341033936,0.6025989949703217,False,0.6255116201972057,True,682,True
,,,,,,,,0.33796775341033936,0.6025989949703217,False,0.6255116201972057,True,684,False
0.3643339656183525,0.3643339656183525,0.3643339656183525,0.016066646913315243,-23.74160996644095,1.6259379910389327,178.27640131759034,-6.099864427340043,0.3980139493942261,0.594892680644989,False,0.6193878322867624,True,686,True
0.38535460112716,0.38535460112716,0.38535460112716,0.002784193671009701,-22.519797425296094,2.3856304709391796,178.6171030326897,3.700088280041253,0.3774646520614624,0.5863785743713379,False,0.6127859807036775,True,688,True
,,,,,,,,0.3774646520614624,0.5863785743713379,False,0.6127859807036775,True,690,False
0.3617197445407133,0.3617197445407133,0.3617197445407133,0.01819794724174697,-15.363312377255399,1.461486740158194,177.57145400909528,3.4373617947742043,0.43332439661026,0.5760129988193512,False,0.6054313843268123,True,692,True
0.37049581045803714,0.37049581045803714,0.37049581045803714,0.005347924941202862,-13.963984231392173,2.329714698369624,177.4193811081473,3.238909850819679,0.4324536919593811,0.5651262402534485,False,0.5973703555121396,True,694,True
0.3750318782515516,0.3750318782515516,0.3750318782515516,0.006702906520492421,-13.022082062558614,1.939321626808968,177.12489234822453,4.394463905754121,0.4380052089691162,0.5543830990791321,False,0.5887729042255381,True,696,True
0.37209045485701014,0.37209045485701014,0.37209045485701014,0.010137628069045952,-11.643619451427655,1.8542360416555916,177.2195345995801,4.520944982185649,0.44677960872650146,0.543946385383606,False,0.5798076004571517,True,698,True
0.3636339151332496,0.3636339151332496,0.3636339151332496,0.00527375731503668,-12.006543542933091,1.57764833023648,177.8390955070444,-0.409818614066028,0.44713127613067627,0.5329035222530365,False,0.5704267848163287,True,700,True
0.37338103102306724,0.37338103102306724,0.37338103102306724,0.007914120371160736,-13.925216427311927,1.9622746539239377,177.16743877010822,-0.3270047272078992,0.44312751293182373,0.5227858424186707,False,0.5608985963367972,True,702,True
0.36813437580773395,0.36813437580773395,0.36813437580773395,0.00300640562617784,-15.489643328240266,1.2822786082013038,178.1470963544764,-0.06969428451942683,0.42042624950408936,0.5136963427066803,False,0.5514581456107738,True,704,True
0.3827372531841958,0.3827372531841958,0.3827372531841958,0.0054355869342308846,-12.756870190967572,0.6851447712998635,177.69849596655962,0.2885569041307813,0.4428343176841736,0.5060427188873291,False,0.5423750602660848,True,706,True
0.37380951296459897,0.37380951296459897,0.37380951296459897,0.005108350848051995,-11.691319549443216,-0.050936009738808824,177.05231518309705,-2.9847444780319297,0.44990038871765137,0.49872511625289917,False,0.5336450714634478,True,708,True
0.371918095859073,0.371918095859073,0.371918095859073,0.006202296095213087,-11.233988199759201,-0.3678492488171637,176.44551745693596,0.3918281992231619,0.44689470529556274,0.4931896924972534,False,0.5255539956702089,True,710,True
0.35320276326450906,0.35320276326450906,0.35320276326450906,0.005409377168934861,-13.076162845507016,-1.0319228752120233,176.52093539524515,2.0220457721501166,0.42154639959335327,0.48902392387390137,False,0.5182479813109474,True,712,True
0.3562042773398357,0.3562042773398357,0.3562042773398357,0.006163260015931138,-12.54309797719545,-1.521229522382413,176.1798444680498,-3.1570514599829655,0.43990737199783325,0.4849623441696167,False,0.5115908538826813,True,714,True
0.342657020794646,0.342657020794646,0.342657020794646,0.0056077499959086355,-12.089740989546778,-1.7027755848357724,176.60983885110696,-4.708448602133714,0.43366873264312744,0.48087024688720703,False,0.5054467324835865,True,716,True
0.34889215974524856,0.34889215974524856,0.34889215974524856,0.009210783381667425,-10.879456010644292,-2.2308365588762156,177.317936079786,-5.690073907868547,0.45549464225769043,0.4774978756904602,False,0.49985696112496125,True,718,True
0.35755288278455666,0.35755288278455666,0.35755288278455666,0.0059165360450162095,-10.527433355690368,-2.8162319005667213,177.4438281176268,-3.6226705529019707,0.4523259401321411,0.4751588702201843,False,0.4949173429440059,True,720,True
0.35891111800957654,0.35891111800957654,0.35891111800957654,0.018342554211176153,-13.249074405539952,-3.401451996463742,176.30881487355057,-2.4283855502972322,0.4525342583656311,0.4737115502357483,False,0.49067618440235444,True,722,True
0.355296926137766,0.355296926137766,0.355296926137766,0.01515120881258938,-14.164371734064456,-3.613054432915973,176.28209883946477,-1.0889751541024248,0.4318779706954956,0.4730769395828247,False,0.4871563354384485,True,724,True
0.3419322651537151,0.3419322651537151,0.3419322651537151,0.009351924845427639,-14.314407489906253,-4.097258024704129,177.6712023205743,-1.0658867261509586,0.40927982330322266,0.4728606939315796,False,0.48429720713707475,True,726,True
0.3508546571190855,0.3508546571190855,0.3508546571190855,0.010092654783266732,-12.528063819349894,-4.693082653352757,178.206282908142,-3.344685267696065,0.4378014802932739,0.4727556109428406,False,0.4819888878982279,True,728,True
0.3394815428495765,0.3394815428495765,0.3394815428495765,0.0024261864538863177,-1.5055678620983102,-5.390665794890653,-178.9530025108508,-2.3128652229108964,0.16383463144302368,0.46858614683151245,False,0.47930833968488484,True,730,True
0.3591247692391234,0.3591247692391234,0.3591247692391234,0.003588535837150847,5.550181463077602,-5.944570726743936,-176.88397684980887,-4.379187857637886,0.20170140266418457,0.46374261379241943,False,0.4761951945063918,True,732,True
0.38255152460408215,0.38255152460408215,0.38255152460408215,0.007415855157020427,12.983496307833096,-4.7644340269754455,-173.9106696986561,-6.283682496506726,0.2511743903160095,0.45858293771743774,False,0.472672743148601,True,734,True
0.3821109728176718,0.3821109728176718,0.3821109728176718,0.00512835575480548,16.235823492567015,-4.17007531351359,-172.0019531612671,-4.943797891822356,0.26826345920562744,0.4534241557121277,False,0.4688230256613064,True,736,True
0.3762904720089451,0.3762904720089451,0.3762904720089451,0.0037352243317824844,16.284756731772458,-4.02572206133188,-170.43457246105822,-2.6767682337872465,0.26843559741973877,0.4486697316169739,False,0.4647923668524399,True,738,True
0.4083634999224589,0.4083634999224589,0.4083634999224589,0.008652776774086952,15.599064044605754,-2.8852351686996145,-169.46062619540427,0.49352760507496846,0.25786828994750977,0.44471633434295654,False,0.4607771603505433,True,740,True
0.408541336884627,0.408541336884627,0.408541336884627,0.009540506667243176,15.638880941939338,-2.939944241244416,-169.35107911537943,-0.8700138868123591,0.26154839992523193,0.4408292770385742,False,0.45678758368814953,True,742,True
0.4115213112848919,0.4115213112848919,0.4115213112848919,0.013194396522234572,14.781981452638037,-3.076713037447873,-169.96035948134517,-0.2811233474471448,0.26013779640197754,0.4375600218772888,False,0.4529420713259774,True,744,True
0.40858600998967254,0.40858600998967254,0.40858600998967254,0.012246562156549833,14.844071948467324,-2.9046205451970946,-170.58196025767324,0.8879107547860033,0.25665783882141113,0.43488335609436035,False,0.449330328279654,True,746,True
0.3996090104333773,0.3996090104333773,0.3996090104333773,0.006163616798589009,17.042642647132404,-3.104816743382728,-171.66022597300082,2.1474639096846735,0.26095324754714966,0.4326208233833313,False,0.44598842730038946,True,748,True
0.4003625133211758,0.4003625133211758,0.4003625133211758,0.006212742336540407,14.987370905494066,-3.1452103439813563,-172.28479286154942,2.403236362715373,0.2472742795944214,0.4311490058898926,False,0.4430205430182901,True,750,True
0.40518138990570485,0.40518138990570485,0.40518138990570485,0.005394957144902517,13.477547045162389,-3.265752998864176,-173.3455361814423,-4.680453453328746,0.24935102462768555,0.4293743371963501,False,0.44029130185390214,True,752,True
0.3955500919541467,0.3955500919541467,0.3955500919541467,0.008715164630108026,14.89406647451511,-3.8842134051015544,-175.6342514827475,-6.604997307703187,0.26123374700546265,0.4275670051574707,False,0.43774644251461586,True,754,True
0.3905713763901285,0.3905713763901285,0.3905713763901285,0.007267805828474263,11.149164891028336,-4.21585650981927,-177.24561599554704,-4.5319914621935675,0.23396849632263184,0.4266335964202881,False,0.4355238732957503,True,756,True
0.39454450929966844,0.39454450929966844,0.39454450929966844,0.013780570615971294,-3.778102744536194,-4.183434802805233,179.66728121779383,-4.674367537300787,0.4555908441543579,0.4298052191734314,False,0.43953726746747185,True,758,True
0.37866145944061214,0.37866145944061214,0.37866145944061214,0.012534577623535163,-9.851068199281986,-3.5480063647643627,177.60518419762926,-5.352217560728306,0.4591909646987915,0.43334436416625977,False,0.44346800691373583,True,760,True
0.37725459157438,0.37725459157438,0.37725459157438,0.01096407019192286,-11.809432691091285,-3.633492892029128,176.35576108841636,-6.042644702656302,0.45707428455352783,0.437009334564209,False,0.44618926244169427,True,762,True
0.37325675346247944,0.37325675346247944,0.37325675346247944,0.014479464350074963,-7.092351770550115,-3.6695229251113837,175.92007826549047,-4.627718159997374,0.4619760513305664,0.4407837986946106,False,0.44934662021946875,True,764,True
0.3652729975122488,0.3652729975122488,0.3652729975122488,0.01700454906343618,-5.550859217566684,-4.2367628715594945,176.22684722221092,-4.246155583043955,0.4682166576385498,0.4444303512573242,False,0.453120627703285,True,766,True
0.3578789517587606,0.3578789517587606,0.3578789517587606,0.01213517780262545,-2.324673303261932,-4.58963394625263,176.69846312760217,-0.8837277742394744,0.4661773443222046,0.44831550121307373,False,0.45573197102706897,True,768,True
0.3547182261456381,0.3547182261456381,0.3547182261456381,0.011203370523563542,0.562454035874831,-5.193798991714977,176.82197516030064,-2.0569316025733357,0.46578389406204224,0.45147204399108887,False,0.4577423556340637,True,770,True
0.35133371131813684,0.35133371131813684,0.35133371131813684,0.008178908970320675,0.9743578522215663,-5.142922315459352,177.3638924169948,-2.5635041765485784,0.4663304090499878,0.45375609397888184,False,0.45945996631724856,True,772,True
0.3589337256630592,0.3589337256630592,0.3589337256630592,0.008225974728294831,0.8239748607475584,-5.090757569298029,177.63128186245635,-3.9525767659932063,0.46378016471862793,0.4550250768661499,False,0.46032400599752443,True,774,True
0.345122879457075,0.345122879457075,0.345122879457075,0.010497445637253138,-2.9967580079347003,-4.586931700881246,177.15065678029663,-2.1062826439940077,0.470670223236084,0.4557343125343323,False,0.46239324944523635,True,776,True
0.36051024533414,0.36051024533414,0.36051024533414,0.015767538690774817,-2.145179270419356,-4.61022243284955,177.96374965913336,-0.8762731510714463,0.4670296311378479,0.45648306608200073,False,0.4633205257837587,True,778,True
0.3629186171647698,0.3629186171647698,0.3629186171647698,0.015117700016842713,-0.3837952234827977,-4.574154813936638,178.09551370649106,1.3352117350637942,0.46284347772598267,0.457305908203125,False,0.4632251161722035,True,780,True
0.36020259493562334,0.36020259493562334,0.36020259493562334,0.008978107195702129,1.487971030279157,-4.861713702231504,179.62750894753052,-3.6597753909664115,0.4637739062309265,0.4567667841911316,False,0.46333487418394814,True,782,True
0.35213374427872357,0.35213374427872357,0.35213374427872357,0.009706420837881617,3.554647082508909,-5.032939290847417,-179.94946490664222,-3.064218211863854,0.1945928931236267,0.451911985874176,False,0.46105029652199375,True,784,True
0.3652060871576846,0.3652060871576846,0.3652060871576846,0.005184477650731064,7.027938592602972,-4.520100328365419,-179.7494774232115,-2.833401881280213,0.20630288124084473,0.4466395378112793,False,0.4581681447798509,True,786,True
0.2996188479794762,0.2996188479794762,0.2996188479794762,0.00944593125434919,8.371512781521982,-3.6857602029393743,-179.06397380793692,-4.225288500327509,0.24470043182373047,0.4414154887199402,False,0.45481761356786876,True,788,True
0.32827326639905763,0.32827326639905763,0.32827326639905763,0.011536090458677607,9.90755172672606,-3.549088409097868,-177.83196272496858,-7.527764535894996,0.2496815323829651,0.4373630881309509,False,0.45132670848048523,True,790,True
0.3613318371840104,0.3613318371840104,0.3613318371840104,0.0120501003229813,13.47571834106045,-2.8843204808028737,-177.18287787838779,-9.324505716536253,0.2683337926864624,0.4339030981063843,False,0.4478419864056651,True,792,True
0.3870158787580449,0.3870158787580449,0.3870158787580449,0.009502088434109216,16.24522413432728,-2.0782026561695357,-175.6240271120547,-9.859339220347012,0.27918267250061035,0.4307331442832947,False,0.444420217981191,True,794,True
0.36834847808492244,0.36834847808492244,0.36834847808492244,0.014958053147812098,17.000482710145018,-1.539592516931007,-172.83434699596376,-1.710092160794785,0.2913018465042114,0.4284893870353699,False,0.4412340517920268,True,796,True
0.37848977148158575,0.37848977148158575,0.37848977148158575,0.005546099418233106,19.043862689151528,-1.1130144528750894,-171.83360130486457,-1.3022367522745995,0.2937281131744385,0.4265509843826294,False,0.43829743831014734,True,798,True
0.39563192814134945,0.39563192814134945,0.39563192814134945,0.003052855707269365,18.39564424975943,-0.20219355724860508,-170.53410334453446,1.974237649160907,0.2743086814880371,0.42522716522216797,False,0.43568338369255144,True,800,True
0.3951201309661425,0.3951201309661425,0.3951201309661425,0.0037572094088842564,19.28057305056191,0.2855195585814582,-169.96921167593672,4.409498816697897,0.2809025049209595,0.42426246404647827,False,0.43339919976333685,True,802,True
0.3904554159001884,0.3904554159001884,0.3904554159001884,0.005879571165684494,21.028379327238177,0.9663112282033232,-170.7281165510012,-3.101511981721691,0.3021336793899536,0.42262691259384155,False,0.43124474232943777,True,804,True
0.4005089173411339,0.4005089173411339,0.4005089173411339,0.007882819399449148,21.125576978829653,0.5505722008633003,-171.1469372259625,3.245132382784883,0.29383760690689087,0.4218829870223999,False,0.42937239126803023,True,806,True
0.4000349468140746,0.4000349468140746,0.4000349468140746,0.010159285485827481,20.855439166712042,0.5594764998745906,-171.15596758206547,6.175454634404476,0.29357045888900757,0.4216093420982361,False,0.42781978143407146,True,808,True
0.40445964702507076,0.40445964702507076,0.40445964702507076,0.015966189123184038,20.82203373612961,0.5189721306700227,-170.9190056043565,5.913537483699946,0.2970927357673645,0.4215734004974365,False,0.42657050524674445,True,810,True
0.4110252685467558,0.4110252685467558,0.4110252685467558,0.00925670980792722,19.947711974337416,0.3524884839685643,-171.5254870915791,7.526429144327005,0.28049659729003906,0.4218389391899109,False,0.4256241920353777,True,812,True
0.40604134106792145,0.40604134106792145,0.40604134106792145,0.006941592266370014,20.607785678583653,0.190130265697413,-172.1728366264194,8.557361353326872,0.283344566822052,0.422224760055542,False,0.4249443056394106,True,814,True
0.39027112639542044,0.39027112639542044,0.39027112639542044,0.004345258886349741,19.540943128761427,-0.00436777177106237,-172.51888788251924,7.741390643801256,0.281904935836792,0.42260730266571045,False,0.42447690504467056,True,816,True
0.24430835089922842,0.24430835089922842,0.24430835089922842,0.0056602060877171505,18.255232093622038,0.8777606658703508,-172.4472131579703,6.719005886326644,0.6048268973827362,0.4227411150932312,False,0.4605469035122837,True,818,True
0.28269413466116405,0.28269413466116405,0.28269413466116405,0.004860289852557309,18.077625055931428,0.41878580438867397,-172.97890751053504,3.9661264280793094,0.406494140625,0.42322665452957153,False,0.4530828537157413,True,820,True
0.33911003742919066,0.33911003742919066,0.33911003742919066,0.0019386137473231804,19.31141345834874,0.34142016321528024,-172.88040008712022,-0.20242778209315118,0.3167785406112671,0.42302393913269043,False,0.44707107079913116,True,822,True
0.37005681353107156,0.37005681353107156,0.37005681353107156,0.001987289685344225,18.596668455348116,0.3283363375436051,-172.77557957848327,-1.6655425309528114,0.29114478826522827,0.4222915768623352,False,0.44211517201177203,True,824,True
0.36675764793193394,0.36675764793193394,0.36675764793193394,0.003444849695156742,17.129757442243946,0.042672190886660986,-173.20664642248693,-1.338397589688897,0.279621422290802,0.4212650656700134,False,0.43794515074342033,True,826,True
0.37952814240936167,0.37952814240936167,0.37952814240936167,0.0018611152232542814,17.778719382697542,-0.16395638274203905,-173.4175648452935,-0.8784862930033284,0.2758743166923523,0.4202357530593872,False,0.43440327120661376,True,828,True
0.37247030618651694,0.37247030618651694,0.37247030618651694,0.0018010667424146064,17.576651792401606,-0.16409044989890414,-173.52600245740092,-0.9512033055227044,0.2777119278907776,0.41922616958618164,False,0.4313678508825274,True,830,True
0.38234850607877646,0.38234850607877646,0.38234850607877646,0.002544919244105014,16.834943036626324,-0.1438285986505051,-173.7763148268178,-1.2788343965362765,0.26708900928497314,0.4184173345565796,False,0.4287777476173379,True,832,True
0.3846099412590648,0.3846099412590648,0.3846099412590648,0.0032347858704829487,17.160162430163407,-0.3883899631597194,-174.2273528571622,-4.706003338508595,0.27313631772994995,0.4173552393913269,False,0.4264932459721357,True,834,True
0.3877847176594999,0.3877847176594999,0.3877847176594999,0.0059373477881250105,16.223579961605623,-0.7959376179989645,-175.5948392960138,-7.831508578780295,0.2714971899986267,0.41620075702667236,False,0.42443474818304305,True,836,True
0.3843614326267233,0.3843614326267233,0.3843614326267233,0.007471869633800523,17.456534564647487,-1.2669027140801632,-176.00960083648562,-8.01872005577656,0.2833547592163086,0.4151798486709595,False,0.4225837682806264,True,838,True
,,,,,,,,0.2833547592163086,0.4151798486709595,False,0.4225837682806264,True,840,False
,,,,,,,,0.2833547592163086,0.4151798486709595,False,0.4225837682806264,True,842,False
,,,,,,,,0.2833547592163086,0.4151798486709595,False,0.4225837682806264,True,844,False
,,,,,,,,0.2833547592163086,0.4151798486709595,False,0.4225837682806264,True,846,False
0.3818887743169904,0.3818887743169904,0.3818887743169904,0.01751500222759714,17.54233540381771,-1.1534369553277832,-179.3867316645027,-5.643777944327411,0.29195642471313477,0.41475236415863037,False,0.4210174874562272,True,848,True
0.3713635600055391,0.3713635600055391,0.3713635600055391,0.005642182263143797,18.55226998177205,-1.0538545510094406,179.4488667915699,-9.055093954459599,0.4536803960800171,0.4162849187850952,False,0.4275500691809852,True,850,True
0.379115545195025,0.379115545195025,0.379115545195025,0.007439724956219791,19.398247432102654,-1.2870108162465617,179.34234573925875,-15.821529550307734,0.453687846660614,0.41708534955978394,True,0.4720400553447882,True,852,True
0.302200214531548,0.302200214531548,0.302200214531548,0.013338414167886498,20.786630600232638,-1.3262844192175431,177.7835982611705,-0.08705233100144465,0.45067816972732544,0.4198923110961914,False,0.46776767822129567,True,854,True
0.3377624849643316,0.3377624849643316,0.3377624849643316,0.012478168232773777,24.225929061506942,-1.7525869656633544,176.10654701051794,-0.889962721789839,0.4387420415878296,0.42326605319976807,False,0.4619625508946025,True,856,True
0.35458723137818593,0.35458723137818593,0.35458723137818593,0.0031491742190945774,28.073053737063212,-1.0043164099049362,176.4020733610549,0.44020772702108457,0.42729127407073975,0.42624789476394653,False,0.45502829552982993,True,858,True
0.35562044816059724,0.35562044816059724,0.35562044816059724,0.0013475020969222107,31.38857337613662,-1.5109310606367345,175.87871074279514,0.1436188498157877,0.41962385177612305,0.42834049463272095,False,0.44969073535040816,True,860,True
0.3557171298584673,0.3557171298584673,0.3557171298584673,0.004355634327790613,34.548634195824015,-1.8172808750545029,175.69599063885568,-0.5467243626364054,0.41656047105789185,0.4294899106025696,False,0.44565057040084044,True,862,True
0.39579864831184863,0.39579864831184863,0.39579864831184863,0.003078422194488489,37.87917012808247,-2.167556139413911,175.67509865681956,-1.7690639337825211,0.4075421094894409,0.42994046211242676,False,0.4425085487431577,True,864,True
0.43084707056504545,0.43084707056504545,0.43084707056504545,0.006532545174097199,39.253911807525185,-1.5324864226950643,176.826843954951,-5.25128514807328,0.40716880559921265,0.429155170917511,False,0.43983787317802836,True,866,True
0.40985760651319014,0.40985760651319014,0.40985760651319014,0.018660820020711403,39.44145031029083,-1.0967200430885575,178.40766652363197,-3.7002141328949776,0.41326063871383667,0.42747968435287476,False,0.43736623541299763,True,868,True
0.4238126781837698,0.4238126781837698,0.4238126781837698,0.03460920672113101,38.187942585289946,-1.2139577168911917,178.58458850539807,-5.510261219029935,0.42425423860549927,0.4255210757255554,False,0.4349972034755092,True,870,True
0.4244563882125454,0.4244563882125454,0.4244563882125454,0.04766914040853447,37.44041086205654,-1.4145450966580293,177.96921908023518,-8.657129469692528,0.43154650926589966,0.42276495695114136,False,0.4343070646335873,True,872,True
0.2914157192815988,0.2914157192815988,0.2914157192815988,0.025366227764964264,31.55570183047464,-1.731895072121888,176.5839677134963,-9.364157086225244,0.43787264823913574,0.4185287356376648,False,0.435020181354697,True,874,True
0.35316932498729914,0.35316932498729914,0.35316932498729914,0.015016286798970995,27.675071238827254,-3.041751716447516,173.81178551929628,-1.8051647148576024,0.4319298267364502,0.41729962825775146,False,0.43440211043104765,True,876,True
0.35750995227092053,0.35750995227092053,0.35750995227092053,0.020239967625026868,20.277233208471994,-4.155809219034093,173.57188778941799,3.1226530537591213,0.4508528709411621,0.41697824001312256,False,0.4376922625330706,True,878,True
0.361164681968302,0.361164681968302,0.361164681968302,0.011823873195778153,10.689233052798832,-4.181371727200841,171.37272676689784,2.549626977266851,0.454348623752594,0.4167978763580322,False,0.4410235347769753,True,880,True
0.3481725082021133,0.3481725082021133,0.3481725082021133,0.015130649505317914,7.233109585378281,-3.412540279371931,169.93155953219235,2.2592834873276506,0.46389681100845337,0.41673189401626587,False,0.44559819002327095,True,882,True
0.3387524326204403,0.3387524326204403,0.3387524326204403,0.012570831189981644,3.786998389690763,-2.0329406898217663,170.64978819150866,1.3800704115241478,0.47023528814315796,0.41694176197052,False,0.45052560964724836,True,884,True
0.25816304432963155,0.25816304432963155,0.25816304432963155,0.005890505390289819,-1.8122055792414822,-0.730638981428996,168.82863176321814,-0.23580431380188932,0.4792916178703308,0.41671502590179443,False,0.45627881129186487,True,886,True
0.19003924327499988,0.19003924327499988,0.19003924327499988,0.014086090360200365,-0.9626935423667191,-1.3334671885035692,168.71866750804386,0.6230499754295219,0.7216682136058807,0.4177042245864868,False,0.5093566917546681,True,888,True
0.21805971004142133,0.21805971004142133,0.21805971004142133,0.014179241738589386,-1.2861196591482495,-0.9592898965156075,169.43900964466403,0.26176768091166064,0.5901995003223419,0.42034316062927246,False,0.5255252534682029,True,890,True
0.28849573688694313,0.28849573688694313,0.28849573688694313,0.00529433770190464,6.0744013990247065,-1.9045811877693917,172.66933874877273,5.26146405476759,0.49205315113067627,0.42532074451446533,False,0.5188308330006975,True,892,True
0.3135332005807623,0.3135332005807623,0.3135332005807623,0.005880153674296491,7.710112848175442,-2.044752783371283,174.7484329578077,5.706551120145137,0.47575056552886963,0.43068432807922363,False,0.510214779506332,True,894,True
0.30675066952822166,0.30675066952822166,0.30675066952822166,0.0018736198566839894,7.742902445706387,-1.7715522964408978,176.38269021026582,2.442909803962292,0.4791632890701294,0.4348170757293701,False,0.5040044814190915,True,896,True
0.31807078091860874,0.31807078091860874,0.31807078091860874,0.0017390761627239164,6.548783693219499,-1.448494574925139,176.96646885628618,1.7138094677967548,0.4759639501571655,0.4377911686897278,False,0.4983963751667063,True,898,True
0.3458154512048119,0.3458154512048119,0.3458154512048119,0.004871666008044697,-4.001464896822784,-1.1324055823959212,177.29550576500532,-0.5522541741787201,0.46947377920150757,0.43930721282958984,False,0.49261185597366663,True,900,True
0.3485001405436431,0.3485001405436431,0.3485001405436431,0.007162232531321913,-10.448727985372223,-0.4700678621847401,177.89306022257816,-3.701960875716429,0.4542310833930969,0.43917733430862427,False,0.4849357014575527,True,902,True
0.351549357284922,0.351549357284922,0.351549357284922,0.007560768650339584,-11.31196863456874,-0.12528495731542416,-179.41064143521444,2.5631259955693255,0.14223921298980713,0.43621325492858887,False,0.47519121215175997,True,904,True
0.2532925213028422,0.2532925213028422,0.2532925213028422,0.006408040223672765,-20.70204386937233,0.5730632890635037,-178.3357162175297,-1.1952120546569127,0.2319502830505371,0.4327465295791626,False,0.46670227563724054,True,906,True
0.23484140834983586,0.23484140834983586,0.23484140834983586,0.010572556239085294,-20.491407726629234,0.5260543802518121,-177.02433785899564,-0.533236799488268,0.3477779030799866,0.43173909187316895,False,0.45970963888442623,True,908,True
0.1869871546167471,0.1869871546167471,0.1869871546167471,0.009194388984702324,-14.872690604891213,1.223175409223566,-177.9880900048161,-11.093716993568687,0.7297530770301819,0.4327617287635803,False,0.5137183265135774,True,910,True
0.1637914787970834,0.1637914787970834,0.1637914787970834,0.010852717499801394,-13.49578641118056,0.9369363791532328,-177.6797907200094,-12.798425802003628,0.8290346711874008,0.43640613555908203,True,0.5767815954483422,True,912,True
0.18943100983435762,0.18943100983435762,0.18943100983435762,0.00968008375749009,-18.970475623153984,0.5631293109512497,-177.282172295517,-2.0692009140478116,0.6599538326263428,0.4423297643661499,False,0.5934160428839423,True,914,True
0.1528941179922249,0.1528941179922249,0.1528941179922249,0.009749251316192723,-13.443341803476214,0.6285750248072005,-178.09179275240325,8.211293665646958,0.8471141904592514,0.45164769887924194,False,0.6441556723990042,True,916,True
0.1798218410087012,0.1798218410087012,0.1798218410087012,0.006999797382289302,-7.236956031065661,0.7660529600471457,-177.11861514124115,4.159220538963055,0.781133696436882,0.46203553676605225,False,0.6715512772065798,True,918,True
0.196517173972005,0.196517173972005,0.196517173972005,0.007763485780591439,-16.81398904290861,0.5485743997409387,-175.2944276249729,8.233903806365733,0.5911671221256256,0.47207188606262207,False,0.655474446190389,True,920,True
0.2451934686168729,0.2451934686168729,0.2451934686168729,0.004963710822107969,-17.19203031713773,0.2920054755649658,-174.22510871668908,11.19648162071652,0.2252655029296875,0.4822167158126831,False,0.6208229001148479,True,922,True
0.3010490808814142,0.3010490808814142,0.3010490808814142,0.003988644838267773,-18.878375959047975,0.30154005712681714,-173.45208399874033,12.569394016940134,0.13192105293273926,0.4919423460960388,False,0.5950467893110861,True,924,True
0.32573812956067083,0.32573812956067083,0.32573812956067083,0.004450129823877174,-16.170595174351725,0.372045237973112,-172.6599808917273,14.920962317757132,0.12890172004699707,0.5016613602638245,False,0.5763697035016337,True,926,True
0.3365500319201451,0.3365500319201451,0.3365500319201451,0.01962812768736006,-16.648901950797633,0.23461849125999185,-175.06793035730317,14.302420986492622,0.13878268003463745,0.5106086730957031,False,0.5632174974204477,True,928,True
0.3366912222145911,0.3366912222145911,0.3366912222145911,0.1308443953678291,-23.39856905848173,0.36764665592226725,-175.37998116333134,12.124798473089292,0.27537214756011963,0.5182919800281525,False,0.5542323939419886,True,930,True
0.35247559795950645,0.35247559795950645,0.35247559795950645,0.24555616074680492,-3.5725077323155077,0.22215340617484253,179.99820088874122,8.511822774024179,0.5834150314331055,0.5294954776763916,False,0.560068921440212,True,932,True
0.33968035894864873,0.33968035894864873,0.33968035894864873,0.1393766575715003,21.38440847898382,-0.43884037444177126,-176.83828139871326,9.010548776263185,0.47580093145370483,0.5328120589256287,False,0.5546175489372954,True,934,True
0.36746718599583655,0.36746718599583655,0.36746718599583655,0.09340377643418561,19.137064465587834,-0.7286635362948818,-177.54070744998867,5.9538577780046555,0.39179450273513794,0.5308020412921906,False,0.5498544474082745,True,936,True
0.36761972269876053,0.36761972269876053,0.36761972269876053,0.029425238009779087,19.36980552863222,-0.2865193460299722,-176.30298558314837,1.4618022822100194,0.32477736473083496,0.5235099196434021,False,0.5445855418553001,True,938,True
0.3794549811178395,0.3794549811178395,0.3794549811178395,0.040607318567386176,6.482500980592627,0.16945022365440543,-173.28010059268271,0.8351218161836281,0.24474644660949707,0.5134324133396149,False,0.538354916152163,True,940,True
0.3862383750473517,0.3862383750473517,0.3862383750473517,0.11464028561234106,-23.3351333501366,-0.26090548907403044,-173.86688163816316,5.6807562924930615,0.25993257761001587,0.504680335521698,False,0.53162000002607,True,942,True
0.37437035019242626,0.37437035019242626,0.37437035019242626,0.19663161197420229,21.57986154053947,-0.5043657344173101,-175.23448678378844,7.205298068222838,0.48078393936157227,0.4972407817840576,False,0.5247441563776676,True,944,True
0.3978929671714997,0.3978929671714997,0.3978929671714997,0.05534671238717268,17.37548878533083,-0.02466107089529145,-171.17750210769512,9.162885287704285,0.3216131925582886,0.49006330966949463,False,0.517807987036033,True,946,True
0.40809628367027095,0.40809628367027095,0.40809628367027095,0.03874982129948029,19.36343121643464,-0.2929497816894699,-171.55681301168698,5.240323132821453,0.31006747484207153,0.4822542667388916,False,0.5106972429766048,True,948,True
0.4096448740001212,0.4096448740001212,0.4096448740001212,0.09278776918704428,15.731175911482797,-0.016008123456932595,-170.23250029835282,1.6527085897422367,0.3582119941711426,0.4747963547706604,False,0.503517065335416,True,950,True
0.3989219831110681,0.3989219831110681,0.3989219831110681,0.05798683620381008,18.908186257492115,-0.16908126811563903,-172.93510536551642,1.4898960337613742,0.3371126651763916,0.4670983552932739,False,0.49623332332698755,True,952,True
0.39334514313167723,0.39334514313167723,0.39334514313167723,0.048773359918885574,17.848603147782715,-0.4271015060267286,-173.33541812119682,7.536913440993274,0.31840628385543823,0.4608677625656128,False,0.48916021117471264,True,954,True
0.37780544224761603,0.37780544224761603,0.37780544224761603,0.027614284893742545,18.650243951509516,-0.3980557855473748,-173.77204600898895,3.43898748024824,0.3113352656364441,0.4545134902000427,False,0.4822308669797787,True,956,True
0.38520327464447296,0.38520327464447296,0.38520327464447296,0.06612846854709738,17.799774641747163,-0.45382835392069565,-174.17760838795928,5.093065709432626,0.3468979001045227,0.44976329803466797,False,0.47573735319075655,True,958,True
0.38806444858989764,0.38806444858989764,0.38806444858989764,0.03780716634590337,19.072148750203798,0.41539300655271877,-174.45400875830316,4.667721448795816,0.318440318107605,0.44531482458114624,False,0.4696528474688345,True,960,True
0.36000853033490376,0.36000853033490376,0.36000853033490376,0.05661318441450548,-11.458361907397338,0.0895055230519776,-177.17580989076214,5.725956528149593,0.18680429458618164,0.4434387683868408,False,0.4644100316524358,True,962,True
0.3711166898230898,0.3711166898230898,0.3711166898230898,0.06894414018056558,-22.815475469533723,0.276103410995819,-175.82988323429637,3.8245124367598025,0.19575423002243042,0.44320881366729736,False,0.4601697880554081,True,964,True
0.361481171419362,0.361481171419362,0.361481171419362,0.05514753984507921,-24.32034251203141,0.312893395410816,-176.50778209394693,5.956302477638687,0.17612820863723755,0.44519805908203125,False,0.45717544226073276,True,966,True
0.37870428503041986,0.37870428503041986,0.37870428503041986,0.05184871036610818,-24.50780855247577,-0.020090635193884827,-176.7416338269998,5.039318378101828,0.17371898889541626,0.4495008587837219,False,0.45564052556533063,True,968,True
0.3886867002008264,0.3886867002008264,0.3886867002008264,0.031427032600620707,-22.882981216226312,-0.2169305948067991,-177.3200888672797,0.9612841780661692,0.15772628784179688,0.4547836184501648,False,0.45546914414229744,True,970,True
0.37314609689804223,0.37314609689804223,0.37314609689804223,0.01575565450409935,-25.40146664321296,-1.6962821118407783,-176.58513962509483,6.858924023842863,0.1358301043510437,0.4617193341255188,False,0.45671918213894175,True,972,True
0.38890669565910274,0.38890669565910274,0.38890669565910274,0.018134051598145167,-30.11617340032135,-2.426892575064096,-176.01313668563645,5.102996647800583,0.13761073350906372,0.4695078134536743,False,0.4592769084018883,True,974,True
0.3980732480127174,0.3980732480127174,0.3980732480127174,0.025867266118848167,-31.28719851018335,-2.8344824047071424,-175.623585237787,8.729489535478972,0.14082157611846924,0.478359580039978,False,0.46309344272950625,True,976,True
0.350233635954997,0.350233635954997,0.350233635954997,0.07566280756882293,-31.36091594045371,-2.1316564783340985,-176.14102957017064,2.6863646726731627,0.1999119520187378,0.48575901985168457,False,0.46762655815394194,True,978,True
0.4152920589267293,0.4152920589267293,0.4152920589267293,0.04545829189116764,-32.91809470815539,-2.2221940414209755,-173.54257315841159,3.7491444282697475,0.16573816537857056,0.49374109506607056,False,0.4728494655363677,True,980,True
0.3876051315180311,0.3876051315180311,0.3876051315180311,0.0710482857446405,-32.78270306482274,-1.6740653063850925,-171.871102262672,2.1795974259268003,0.1982141137123108,0.5004020035266876,False,0.4783599731344317,True,982,True
0.41099372226121367,0.41099372226121367,0.41099372226121367,0.05230710591962357,-31.742782640631763,-2.2967659223187153,-170.77544367250107,3.3430514283810413,0.17585474252700806,0.5067144930362701,False,0.4840308771147994,True,984,True
0.41375119371611624,0.41375119371611624,0.41375119371611624,0.044470491687413724,-31.252669768450033,-2.2245279254412176,-171.19384738883141,6.371247145216245,0.1642267107963562,0.5125877857208252,False,0.4897422588360046,True,986,True
0.42757638824750716,0.42757638824750716,0.42757638824750716,0.0428912072462126,-31.77619162516003,-2.4045363090645244,-171.29759914654608,8.628399569280127,0.1630171537399292,0.5181183815002441,False,0.4954174833688525,True,988,True
0.42094165611407575,0.42094165611407575,0.42094165611407575,0.06383253770089843,-32.49557809746293,-1.8644987100568684,-172.46167150417503,2.0875492902247417,0.19141662120819092,0.5216338336467743,False,0.5006607534244369,True,990,True
0.42031893744574256,0.42031893744574256,0.42031893744574256,0.04281385077408081,-31.69774157438651,-2.1666435611367585,-173.1078154091255,-8.299925990358574,0.18218755722045898,0.5228008329868317,False,0.5050887693369159,True,992,True
0.4327891756376764,0.4327891756376764,0.4327891756376764,0.03660944854617425,-31.42866405204717,-2.1392960958207285,-173.9662290604683,36.962021070653776,0.1356511116027832,0.53045654296875,True,0.5340710154695327,True,994,True
0.4136020026104835,0.4136020026104835,0.4136020026104835,0.025373259335688018,-30.598299829217332,-2.259981222931625,-174.19705681029313,28.556733205621303,0.1273157000541687,0.5354318916797638,True,0.5572568123756262,True,996,True
0.4157568521289817,0.4157568521289817,0.4157568521289817,0.021387268251546673,-29.629996336761085,-2.9218020988303275,-174.8033675131281,21.64231560026568,0.1279447078704834,0.5398189127445221,True,0.575805449900501,True,998,True
0.4094946678267646,0.4094946678267646,0.4094946678267646,0.030293441973736117,-27.919506836120856,-2.53291861360663,-176.31316015631285,17.97238305666793,0.13881194591522217,0.5433622002601624,True,0.5906443599204008,True,1000,True
0.40113536292366536,0.40113536292366536,0.40113536292366536,0.029143729000766335,-26.96683527287656,-2.0793370397207998,-177.36829440420135,13.731792658432967,0.141132652759552,0.5457175374031067,False,0.581658995416942,True,1002,True
0.3957748428657752,0.3957748428657752,0.3957748428657752,0.013169212353567394,-25.62481895746193,-1.9084986936639774,-179.2413136827452,15.21687923310307,0.1255529522895813,0.5477212369441986,False,0.5748714437223934,True,1004,True
0.38262861717858343,0.38262861717858343,0.38262861717858343,0.01788648112015931,-24.893136526093315,-1.8891022998254463,179.48628353486316,14.7548271323715,0.3628578782081604,0.5560269355773926,False,0.5711025420933933,True,1006,True
0.37101995509352637,0.37101995509352637,0.37101995509352637,0.025984958144284396,-21.72459871686129,-1.5349358274657154,177.17356798093124,15.608989810418025,0.38101881742477417,0.5612002909183502,False,0.5691220918583847,True,1008,True
0.3891126974636233,0.3891126974636233,0.3891126974636233,0.030190938079629307,-17.880922598866775,-0.787887583694221,174.7731710577834,14.70069235942597,0.42507898807525635,0.5644671618938446,False,0.5681911058654767,True,1010,True
0.37465848154642867,0.37465848154642867,0.37465848154642867,0.06018966343859667,-17.726309376772928,-0.9964730360141313,173.65394167185005,9.122797928053693,0.4783351421356201,0.564791738986969,False,0.5675112324897752,True,1012,True
0.38508090962115105,0.38508090962115105,0.38508090962115105,0.0762160714049086,-17.53107164191974,-2.7014159962039117,173.90731138002153,12.4981927989139,0.48760926723480225,0.5644004940986633,False,0.5668890848115529,True,1014,True
0.35343395750623857,0.35343395750623857,0.35343395750623857,0.11543655882655415,-16.10173651061544,-4.379589275434143,172.7837182764773,14.358602328155568,0.5147605538368225,0.5628407001495361,False,0.5660794078791496,True,1016,True
0.3375113785106099,0.3375113785106099,0.3375113785106099,0.06083600021609101,-4.188065930531308,-6.418609091478493,170.51396947675872,9.685570527052798,0.49236977100372314,0.5598069131374359,False,0.5648249089308068,True,1018,True
0.31709695585122777,0.31709695585122777,0.31709695585122777,0.04195374334281211,-2.8585831044804366,-7.114174739085616,170.64596163642435,8.717512835572967,0.4840022325515747,0.5554118752479553,False,0.5629423021942366,True,1020,True
0.3105119748058839,0.3105119748058839,0.3105119748058839,0.027240347548952267,0.8318660258711007,-7.264557631452582,172.43273826196693,5.393429305611426,0.4853854775428772,0.5493095219135284,False,0.560215746138095,True,1022,True
0.3200496496998748,0.3200496496998748,0.3200496496998748,0.021294805776199917,3.4411237995797688,-7.306177039519642,173.81168583018294,8.512718051950078,0.47818535566329956,0.5428374111652374,False,0.5567400791435235,True,1024,True
0.3276753882245367,0.3276753882245367,0.3276753882245367,0.01677814921957803,4.234308858133978,-8.212212473724836,173.4559268743718,9.251041702470724,0.4703468084335327,0.5359171330928802,False,0.5525754899333949,True,1026,True
0.3493311405672068,0.3493311405672068,0.3493311405672068,0.01516403338763263,5.303477383512843,-8.969029215622202,173.93377877633995,11.14435284429803,0.4581746459007263,0.5291552841663361,False,0.5478914487799831,True,1028,True
0.3335191512694744,0.3335191512694744,0.3335191512694744,0.00609482862688477,5.872405724773686,-8.873912032854683,175.61828309450874,8.870928538674866,0.46123236417770386,0.5213927328586578,False,0.5425917055957181,True,1030,True
0.3375095426086233,0.3375095426086233,0.3375095426086233,0.00565994833070153,7.113729303260639,-8.821358065556685,176.29741465883325,9.628307087553333,0.4588015079498291,0.5135999917984009,False,0.5367933628362547,True,1032,True
0.32501737848598117,0.32501737848598117,0.32501737848598117,0.005578856451301398,7.033718882727918,-8.308640530696135,177.13429889310538,10.233644765778264,0.46484965085983276,0.5059729516506195,False,0.5306292805991277,True,1034,True
0.3307584877039901,0.3307584877039901,0.3307584877039901,0.008346212834725312,4.453244744751705,-7.667855009683901,177.4544617149076,10.11455353932769,0.4650724530220032,0.4990919232368469,False,0.5243218091266716,True,1036,True
0.34215436368875585,0.34215436368875585,0.34215436368875585,0.011896246308189978,4.060897301931409,-7.596336085349509,177.70768560973588,10.06237159005384,0.4622621536254883,0.49302512407302856,False,0.518062472115943,True,1038,True
0.33685096114054697,0.33685096114054697,0.33685096114054697,0.001904127863061934,3.764473895750273,-7.397631302224299,178.68997890850568,9.492675746594164,0.4593210220336914,0.4874681234359741,False,0.5119436023799493,True,1040,True
0.34740950628084033,0.34740950628084033,0.34740950628084033,0.008173231998193633,0.9490509677268648,-6.976213429924858,179.0089053938019,9.720548289320893,0.4592475891113281,0.4829273819923401,False,0.5061403583024274,True,1042,True
0.32373026225410295,0.32373026225410295,0.32373026225410295,0.012011494238356563,-0.4758656638883494,-6.224297941882194,179.43566988971406,11.491312637765901,0.46703922748565674,0.4792594909667969,False,0.5007641848353013,True,1044,True
0.34422897512167017,0.34422897512167017,0.34422897512167017,0.012216770234438184,7.221506001874346,-6.230421801996497,-178.46914075258917,11.642101859947172,0.2028055191040039,0.47070348262786865,False,0.49475204439381476,True,1046,True
0.35046962432701,0.35046962432701,0.35046962432701,0.013153768716398458,7.818956978416317,-5.384934916016059,-177.60188214879594,14.167826558651246,0.20383286476135254,0.46276336908340454,False,0.48835430933173274,True,1048,True
0.3518299422206853,0.3518299422206853,0.3518299422206853,0.017758629032782712,6.660429274042996,-4.905776147050158,-176.49866751782992,14.684331800310806,0.20106399059295654,0.4566113352775574,False,0.4820057145208977,True,1050,True
0.34477332752521916,0.34477332752521916,0.34477332752521916,0.01653302344940506,-0.8775631324118118,-4.454661436196426,-178.1866620698898,18.46600212630377,0.155941903591156,0.453319787979126,True,0.5156045716167181,True,1052,True
0.34068792154092464,0.34068792154092464,0.34068792154092464,0.016458430378286187,8.986395044843073,-3.681291316678711,-175.46874835582148,19.694862473951417,0.2193586826324463,0.4516916871070862,True,0.5424836572933746,True,1054,True
0.34806710253885226,0.34806710253885226,0.34806710253885226,0.025293857041635292,4.008486838871046,-3.7695895591011395,-176.1548254067599,23.27170992781486,0.19231384992599487,0.4528084993362427,True,0.5639869258346997,True,1056,True
0.3383373414098352,0.3383373414098352,0.3383373414098352,0.029387709312305412,3.968716057512538,-3.4472412030645807,-176.41808318741317,22.941619849639043,0.19879233837127686,0.4553362727165222,True,0.5811895406677597,True,1058,True
0.3542664423459627,0.3542664423459627,0.3542664423459627,0.01982847538879783,-2.6419631290694023,-3.3841393111435956,-176.03144546712852,23.557911159444345,0.1532890796661377,0.45955967903137207,True,0.5949516325342078,True,1060,True
0.32624115859764147,0.32624115859764147,0.32624115859764147,0.015840834532398016,0.7480079669793044,-3.135349568976864,-176.2743492448138,23.430742695359708,0.1687895655632019,0.46423423290252686,True,0.6059613060273663,True,1062,True
0.34235388987574333,0.34235388987574333,0.34235388987574333,0.01592936709335286,7.848375869171613,-2.3717660252899653,-175.64882244877288,23.73165704356799,0.208110511302948,0.469176709651947,True,0.6147690448218931,True,1064,True
0.35772148197412185,0.35772148197412185,0.35772148197412185,0.017120578115468205,13.247561164907149,-2.6539777670232616,-176.30221708402556,23.301695413284236,0.2465883493423462,0.4735441207885742,True,0.6218152358575145,True,1066,True
0.34844180184128337,0.34844180184128337,0.34844180184128337,0.012008288477773223,11.867617650885313,-2.3922884264749364,-176.4837570544292,23.477687521817547,0.2327246069908142,0.4769670367240906,True,0.6274521886860116,True,1068,True
0.3562416349743588,0.3562416349743588,0.3562416349743588,0.01639192723447557,12.679907987994627,-2.357073929834384,-176.56188814899699,23.557244526036207,0.24128103256225586,0.479561448097229,True,0.6319617509488094,True,1070,True
0.3475722095317081,0.3475722095317081,0.3475722095317081,0.023421903441349694,12.100176915447086,-2.1795568245635604,-176.38062508717098,25.609230911159397,0.24870747327804565,0.481584370136261,True,0.6355694007590476,True,1072,True
0.3352049290709803,0.3352049290709803,0.3352049290709803,0.011784944488290048,9.381334059437602,-2.2511928633892935,-176.93630627495386,24.477573799308477,0.21783047914505005,0.4830576181411743,True,0.6384555206072381,True,1074,True
0.34869887818688394,0.34869887818688394,0.34869887818688394,0.01762552561076492,9.993812024795382,-2.288216417396417,-175.2288800763875,23.531517610377126,0.22440952062606812,0.48432397842407227,True,0.6407644164857905,True,1076,True
0.3087196722614413,0.3087196722614413,0.3087196722614413,0.011976158465638242,-18.520076818374857,-0.9068259370420764,-174.44380179931372,24.352115978231488,0.12413913011550903,0.4865001440048218,True,0.6426115331886324,True,1078,True
0.2359956833628892,0.2359956833628892,0.2359956833628892,0.012474489640766298,-17.888586777275595,0.805801220925146,-174.07966367912005,26.54925990126071,0.24665552377700806,0.48985815048217773,True,0.644089226550906,True,1080,True
0.16799214402459312,0.16799214402459312,0.16799214402459312,0.014802269377551374,-19.809694281255684,1.6879785943538659,-174.60464686119207,29.743553972666263,0.7252627611160278,0.4954131245613098,True,0.6603239334639304,True,1082,True
0.10186112517620599,0.10186112517620599,0.10186112517620599,0.00832891395607079,-13.090985209242968,1.6912399156236522,-171.96710575639545,36.944969851542886,0.9251713007688522,0.5041179955005646,True,0.7132934069249147,True,1084,True
0.05804184877243179,0.05804184877243179,0.05804184877243179,0.011653452540831638,-16.632133733978296,1.124108497235069,-168.69966964907508,35.04106331077143,0.9636559076607227,0.5150766372680664,True,0.7633659070720763,True,1086,True
0.1493356358837183,0.1493356358837183,0.1493356358837183,0.031200857236101425,15.83725282522868,-179.6572117615519,-162.57312606169137,59.40172266437425,0.8716201037168503,0.546966165304184,True,0.7850167464010311,True,1088,True
,,,,,,,,0.8716201037168503,0.546966165304184,True,0.7850167464010311,True,1090,False
,,,,,,,,0.8716201037168503,0.546966165304184,True,0.7850167464010311,True,1092,False
,,,,,,,,0.8716201037168503,0.546966165304184,True,0.7850167464010311,True,1094,False
,,,,,,,,0.8716201037168503,0.546966165304184,True,0.7850167464010311,True,1096,False
,,,,,,,,0.8716201037168503,0.546966165304184,True,0.7850167464010311,True,1098,False
,,,,,,,,0.8716201037168503,0.546966165304184,True,0.7850167464010311,True,1100,False
0.3519683049258199,0.3519683049258199,0.3519683049258199,0.016389040161496636,-15.791916499730505,-5.250994341462863,-176.34894633430844,18.03999554358916,0.1318455934524536,0.5660344362258911,True,0.7580133971208249,True,1102,True
0.37026058596266903,0.37026058596266903,0.37026058596266903,0.013505910550723326,-24.432737321324712,-5.674078823820291,-176.1011805205135,18.509194377899618,0.12344485521316528,0.5770254135131836,True,0.73641071769666,True,1104,True
0.36277737332847776,0.36277737332847776,0.36277737332847776,0.006136782163878491,-22.887578303599263,-6.01852060489669,-176.72076483432016,16.178134056460287,0.12012052536010742,0.5824418067932129,False,0.7056169355159706,True,1106,True
0.3831968333415467,0.3831968333415467,0.3831968333415467,0.01882477260426392,-21.214675061863964,-6.231545628542197,-178.22956638342882,-0.4682421092812788,0.14595401287078857,0.5817557275295258,False,0.6808446939186817,True,1108,True
0.369378139920858,0.369378139920858,0.369378139920858,0.015527531967280309,-22.92881338287782,-6.958084715277376,-178.32178315937014,18.79107389665701,0.12441962957382202,0.5801874399185181,True,0.6746757551349454,True,1110,True
0.36309586391161175,0.36309586391161175,0.36309586391161175,0.00708951492998904,-21.084310122160115,-7.027576935023804,-179.2370904208561,21.006835357998785,0.11651855707168579,0.5778181552886963,True,0.6697406041079563,True,1112,True
0.3650876272232528,0.3650876272232528,0.3650876272232528,0.003960394100574561,-20.354532899836386,-6.791916044958442,179.94195158411478,20.751244209052995,0.33521366119384766,0.5817092061042786,True,0.6657924832863651,True,1114,True
0.36260937812065897,0.36260937812065897,0.36260937812065897,0.009913060099926497,-26.019586119239165,-6.812759297781837,179.64744862912733,16.26001685871868,0.32502609491348267,0.5828402936458588,False,0.6492020453582639,True,1116,True
0.3387686534840403,0.3387686534840403,0.3387686534840403,0.03351916333983933,-22.629851904552112,-8.061126907366132,178.80504078816733,13.873713842127355,0.362229585647583,0.5817650854587555,False,0.6357146533783622,True,1118,True
0.311244663986197,0.311244663986197,0.311244663986197,0.019345275093146385,-11.384035772508769,-8.97647127153715,178.84351257872302,10.616312902113435,0.392766535282135,0.5787544548511505,False,0.6243226136729199,True,1120,True
0.33857414275583875,0.33857414275583875,0.33857414275583875,0.01314323553650249,-18.616713726628728,-8.048072789810423,177.48676119071723,11.21088660340519,0.3544764518737793,0.5755014717578888,False,0.6145583852899137,True,1122,True
0.32888781858445376,0.32888781858445376,0.32888781858445376,0.01446780863486578,-18.99341366478431,-7.053594178891812,175.6369203064213,14.583170308781883,0.3404277563095093,0.5720879435539246,False,0.6060642969427159,True,1124,True
0.3927958711055256,0.3927958711055256,0.3927958711055256,0.02881265479305812,-26.832357495488452,-5.754202911927316,175.04776092718316,10.999375908438228,0.38313865661621094,0.5691713392734528,False,0.5986857054088633,True,1126,True
0.3763102839015133,0.3763102839015133,0.3763102839015133,0.01056108864110475,-31.002223133419974,-3.120208172313966,172.16255550932723,11.589663101411688,0.3194924592971802,0.5657569169998169,False,0.5920999477270541,True,1128,True
0.327097632782552,0.327097632782552,0.327097632782552,0.021293154274973816,-27.232994958309728,-0.6032503440060868,164.3650037341735,8.707301106028478,0.3165588974952698,0.5604105591773987,False,0.5857620700171231,True,1130,True
0.3324784405377748,0.3324784405377748,0.3324784405377748,0.03259140577064238,-28.799123677703292,1.4006089497323455,159.68687084205757,13.324265400218911,0.32045650482177734,0.5560577809810638,False,0.5798212122099113,True,1132,True
0.3022219057365153,0.3022219057365153,0.3022219057365153,0.042007234722411406,-33.86873568450508,4.244278155055076,156.66326051496435,18.02292955721573,0.28600335121154785,0.5525877773761749,True,0.5938569697679291,True,1134,True
0.28778335137377825,0.28778335137377825,0.28778335137377825,0.05090033310489075,-35.76613001883974,7.6074523156741805,156.10316231063842,21.70492388328574,0.2949426770210266,0.5506669282913208,True,0.6050855758143433,True,1136,True
0.28588425205307166,0.28588425205307166,0.28588425205307166,0.06116523103110559,-36.74822744391872,9.951170136971832,156.1984655958425,25.603461107244943,0.30494314432144165,0.550778329372406,True,0.6140684606514747,True,1138,True
,,,,,,,,0.30494314432144165,0.550778329372406,True,0.6140684606514747,True,1140,False
,,,,,,,,0.30494314432144165,0.550778329372406,True,0.6140684606514747,True,1142,False
,,,,,,,,0.30494314432144165,0.550778329372406,True,0.6140684606514747,True,1144,False
,,,,,,,,0.30494314432144165,0.550778329372406,True,0.6140684606514747,True,1146,False
,,,,,,,,0.30494314432144165,0.550778329372406,True,0.6140684606514747,True,1148,False
,,,,,,,,0.30494314432144165,0.550778329372406,True,0.6140684606514747,True,1150,False
,,,,,,,,0.30494314432144165,0.550778329372406,True,0.6140684606514747,True,1152,False
0.32523608649269425,0.32523608649269425,0.32523608649269425,0.0886768471151682,-34.4462097083536,4.271742885152153,169.28991251518508,18.38886479823903,0.36959391832351685,0.5534629821777344,True,0.6212547685211798,True,1154,True
,,,,,,,,0.36959391832351685,0.5534629821777344,True,0.6212547685211798,True,1156,False
0.26960981963604913,0.26960981963604913,0.26960981963604913,0.12625791622468016,-37.50796201574708,0.959274651949204,166.26240596544628,11.18694384870765,0.4700005054473877,0.5544608235359192,False,0.6078959795241277,True,1158,True
0.295102191037775,0.295102191037775,0.295102191037775,0.10747705522145332,-45.15162310942091,1.476931023020414,165.032323924314,15.57299381697525,0.39082860946655273,0.55681973695755,False,0.5976807310108121,True,1160,True
0.3970753801826008,0.3970753801826008,0.3970753801826008,0.13153592710986772,-52.95296076378364,1.452132834060778,166.46457979278793,38.293182708305466,0.3717529773712158,0.5637363195419312,True,0.6081445848086497,True,1162,True
,,,,,,,,0.3717529773712158,0.5637363195419312,True,0.6081445848086497,True,1164,False
,,,,,,,,0.3717529773712158,0.5637363195419312,True,0.6081445848086497,True,1166,False
0.5333821938253684,0.5333821938253684,0.5333821938253684,0.07242489085550022,-57.63975896337875,-11.337577663956356,176.3495418120628,127.70604579878173,0.22443461418151855,0.572036474943161,True,0.6165156678469198,True,1168,True
,,,,,,,111.19487380974009,0.22443461418151855,0.572036474943161,True,0.6165156678469198,True,1170,False
0.3272848058828368,0.3272848058828368,0.3272848058828368,0.10417266350030135,-44.77170082014141,10.842285689834045,159.922274014763,84.89017237442934,0.27897828817367554,0.5756382644176483,True,0.6232125342775359,True,1172,True
0.4193308232344229,0.4193308232344229,0.4193308232344229,0.09472662431342878,-46.3016774430774,-8.400075533521475,169.64057455728815,81.09111604248545,0.2958294153213501,0.5806486904621124,True,0.6285700274220287,True,1174,True
0.5106418519480782,0.5106418519480782,0.5106418519480782,0.08138127241948559,-51.931340975483984,176.89712523585055,160.1670051008078,94.30124849506069,0.4627797603607178,0.5910434722900391,True,0.632856021937623,True,1176,True
,,,,,,,108.67490777066493,0.4627797603607178,0.5910434722900391,True,0.632856021937623,True,1178,False
,,,,,,,109.70032239402023,0.4627797603607178,0.5910434722900391,True,0.632856021937623,True,1180,False
,,,,,,,104.67427104223367,0.4627797603607178,0.5910434722900391,True,0.632856021937623,True,1182,False
,,,,,,,132.9031936551392,0.4627797603607178,0.5910434722900391,True,0.632856021937623,True,1184,False
,,,,,,,137.80352389942416,0.4627797603607178,0.5910434722900391,True,0.632856021937623,True,1186,False
,,,,,,,110.1822111109793,0.4627797603607178,0.5910434722900391,True,0.632856021937623,True,1188,False
0.3421657212736186,0.3421657212736186,0.3421657212736186,0.021116208550292316,-31.67068993045763,170.67237124417701,177.73488518265304,105.39138298813256,0.6015748083591461,0.5945822298526764,True,0.6362848175500985,True,1190,True
0.19519072962069578,0.19519072962069578,0.19519072962069578,0.028263255197378972,-32.7756523531211,172.1364407383505,168.86953072782933,87.53948374622301,0.7677384316921234,0.5880711078643799,True,0.6625755403785034,True,1192,True
0.2015044487981903,0.2015044487981903,0.2015044487981903,0.08491328903427532,-43.20639323323263,-1.6015291966703287,169.96590636026443,125.701590422419,0.4144800901412964,0.5697143077850342,True,0.6600604323028028,True,1194,True
0.2945274991466847,0.2945274991466847,0.2945274991466847,0.12409724673250254,-34.6116396069943,-4.608225993236069,172.7269105821594,86.5539011235979,0.3398415446281433,0.5689941644668579,True,0.6580483458422423,True,1196,True
,,,,,,,85.69059037127522,0.3398415446281433,0.5689941644668579,True,0.6580483458422423,True,1198,False
0.30274518558871827,0.30274518558871827,0.30274518558871827,0.04460256298083496,-28.57371464795665,-3.2098321093155144,168.25997089897206,71.5523586909816,0.2539975047111511,0.5727043747901917,True,0.6564386766737939,True,1200,True
,,,,,,,67.34714835031507,0.2539975047111511,0.5727043747901917,True,0.6564386766737939,True,1202,False
0.31334580374175136,0.31334580374175136,0.31334580374175136,0.04039079662569768,-27.1756025264173,-4.501082680413757,167.65209769266994,3.951047735016462,0.3381309509277344,0.5860751271247864,False,0.6423659667639924,True,1204,True
,,,,,,,41.80851882172659,0.3381309509277344,0.5860751271247864,False,0.6423659667639924,True,1206,False
,,,,,,,,0.3381309509277344,0.5860751271247864,False,0.6423659667639924,True,1208,False
0.3451138554540063,0.3451138554540063,0.3451138554540063,0.046349823050906215,-23.38027348413592,-7.393652683859508,173.62878853853496,1.2370343121204737,0.40863561630249023,0.5945062935352325,False,0.6327940321182404,True,1210,True
0.3421185046944722,0.3421185046944722,0.3421185046944722,0.05388579988943228,-21.033862398176552,-6.903831496791744,175.33994539412288,8.387380659289086,0.4155246615409851,0.5986534357070923,False,0.6259659128360108,True,1212,True
0.3495162827776722,0.3495162827776722,0.3495162827776722,0.03903024966278893,-19.986504770786276,-6.5385758225451855,175.9237439697648,8.096460400187638,0.40665721893310547,0.6003808677196503,False,0.6208489038127387,True,1214,True
0.344443578661708,0.344443578661708,0.344443578661708,0.04949905223002508,-21.48248027269655,-6.492359479328054,176.66724564366186,9.794583810964953,0.40649622678756714,0.5995332896709442,False,0.6165857809843799,True,1216,True
0.35374757971148757,0.35374757971148757,0.35374757971148757,0.02283181133550318,-11.896859877988184,-6.232370919947084,174.9081944617909,6.693635475685225,0.44056200981140137,0.5966345071792603,False,0.612595526223356,True,1218,True
0.36004315320627694,0.36004315320627694,0.36004315320627694,0.027984946316520435,-9.574448697366064,-5.383930839771067,175.0818674470787,6.505686337395109,0.4631962776184082,0.5909335315227509,False,0.608263127283235,True,1220,True
0.37463342515224557,0.37463342515224557,0.37463342515224557,0.026548209261397095,-9.330874112285041,-4.226356081916841,176.44018659994245,6.677918129507383,0.462088406085968,0.5833755731582642,False,0.6032856164582409,True,1222,True
0.37528797045861895,0.37528797045861895,0.37528797045861895,0.022526371793777995,-0.15605909347262628,-2.803510867532148,178.41373282512563,2.68874970085713,0.46142762899398804,0.5727493762969971,False,0.5971783684259921,True,1224,True
0.37573323940304726,0.37573323940304726,0.37573323940304726,0.028393556776837935,4.382393641820688,-0.8772276674278333,178.83503465861577,2.4523706836478802,0.4628148674964905,0.5596999824047089,False,0.5896826912217354,True,1226,True
0.3709074423071348,0.3709074423071348,0.3709074423071348,0.03655362442738073,-12.206474119979971,1.380210898501698,178.48699923735836,0.38679445061884316,0.48172158002853394,0.5456070601940155,False,0.5808675650161914,True,1228,True
0.3700624912571382,0.3700624912571382,0.3700624912571382,0.020783533989670717,-17.03218351496392,2.6898003738917993,179.92648701406262,-10.710273035748097,0.4589933753013611,0.5291255414485931,False,0.5705191603026718,True,1230,True
0.3732547233255056,0.3732547233255056,0.3732547233255056,0.03038612082911861,-13.843346809828043,3.157678366012548,179.79162657442163,-15.792957219401146,0.4788495898246765,0.5115947723388672,True,0.5864153282421375,True,1232,True
0.34434536997464443,0.34434536997464443,0.34434536997464443,0.016296833735749923,-10.923576102001178,3.0964031911671657,-179.93762474408453,-6.064573422042064,0.16454333066940308,0.49327415227890015,False,0.56778709304949,True,1234,True
0.378226607758633,0.378226607758633,0.378226607758633,0.003523387727700351,5.249371372612668,2.0588666818550108,-179.02974666260582,2.0259313202710203,0.19264960289001465,0.4788857698440552,False,0.5500068284084031,True,1236,True
0.3675999152460459,0.3675999152460459,0.3675999152460459,0.008471288712463112,12.283864028539371,0.9948861236940896,-178.01391040421626,4.048971177015432,0.23713791370391846,0.46787869930267334,False,0.5335812025872572,True,1238,True
0.35523567790550636,0.35523567790550636,0.35523567790550636,0.005715074737701713,20.362495731930327,-0.13623889844723416,-179.07099391739592,-2.479613628225775,0.3153064250946045,0.45820629596710205,False,0.5185062212632261,True,1240,True
0.3497809559002428,0.3497809559002428,0.3497809559002428,0.010135854841458701,22.192799174034487,-1.3386508610700893,179.1805340634694,1.9401018278106668,0.443869948387146,0.45511311292648315,False,0.5058275995958775,True,1242,True
,,,,,,,,0.443869948387146,0.45511311292648315,False,0.5058275995958775,True,1244,False
0.347314913054684,0.347314913054684,0.347314913054684,0.010615565227030591,29.65556303582869,-3.5486392951363785,176.23156056563485,-12.695444789345727,0.42114055156707764,0.45073598623275757,True,0.5346620796767021,True,1246,True
0.32458894652970216,0.32458894652970216,0.32458894652970216,0.02802579998037003,35.7127656693386,-4.007081811589358,173.4208102250307,-10.697326893320136,0.4229837656021118,0.4467759132385254,False,0.5170848463890667,True,1248,True
0.3820093877224605,0.3820093877224605,0.3820093877224605,0.0028229950181399405,40.04626154904057,-4.917766620280631,172.03976019035738,-15.633044684680137,0.3946182131767273,0.4422540068626404,True,0.5436678771112534,True,1250,True
0.3815676031468185,0.3815676031468185,0.3815676031468185,0.009781232575943637,41.98105525656834,-4.628064363678182,171.84012573808104,-9.31895809844422,0.3988649249076843,0.4385223984718323,False,0.5226387813833693,True,1252,True
,,,,,,,,0.3988649249076843,0.4385223984718323,False,0.5226387813833693,True,1254,False
0.337885984101374,0.337885984101374,0.337885984101374,0.014705897105971739,37.7201943243752,-3.690232747173766,171.79924689731135,-22.619950298733453,0.40061110258102417,0.43270212411880493,True,0.5481110251066954,True,1256,True
0.2701015842940726,0.2701015842940726,0.2701015842940726,0.004219714700462889,30.43489500744567,-2.913726997542676,175.88769162260073,-14.439806702676808,0.43107926845550537,0.42793095111846924,True,0.5684888200853564,True,1258,True
0.35257466648176805,0.35257466648176805,0.35257466648176805,0.018411540527932105,24.76635093471192,-1.855636236560018,177.0758229178396,-6.042712993211388,0.44013774394989014,0.425556480884552,False,0.5428186048582632,True,1260,True
0.3292070433713047,0.3292070433713047,0.3292070433713047,0.012324573813880212,23.412951823498254,-1.173530326788498,-179.9409231041763,-4.62783622827471,0.3598514199256897,0.4193684458732605,False,0.5181285730612626,True,1262,True
,,,,,,,,0.3598514199256897,0.4193684458732605,False,0.5181285730612626,True,1264,False
0.342690796773335,0.342690796773335,0.342690796773335,0.028104967253602058,16.37057277693258,0.3205596589432917,-179.84497588433442,-9.888384772657389,0.32068687677383423,0.4129411578178406,False,0.49709109001257823,True,1266,True
0.33226471966391347,0.33226471966391347,0.33226471966391347,0.0038633893365931198,14.379634925116425,1.5568993897259156,179.21451641699858,-8.056713143755466,0.46276986598968506,0.40989357233047485,False,0.49022684520799964,True,1268,True
,,,,,,,,0.46276986598968506,0.40989357233047485,False,0.49022684520799964,True,1270,False
0.34371046620896856,0.34371046620896856,0.34371046620896856,0.02202247921799635,6.046963339492553,2.8787508828662784,-179.9895744782012,5.751705804825985,0.21459084749221802,0.4076014757156372,False,0.4737017713095272,True,1272,True
0.34334440780684305,0.34334440780684305,0.34334440780684305,0.006795081451544501,9.438033261300301,3.2254857514838347,179.40536266734856,6.579802430020756,0.4659678339958191,0.4091731309890747,False,0.47215498384678556,True,1274,True
0.3316866735451306,0.3316866735451306,0.3316866735451306,0.009470976511423469,8.33734392509574,3.559279587127909,179.2283005053397,9.9307018892158,0.47343069314956665,0.4135224223136902,False,0.4724101257073418,True,1276,True
0.3371432153468117,0.3371432153468117,0.3371432153468117,0.009730067923155915,7.696459240290591,3.7630629684988444,179.67441922468558,9.659061297865334,0.47065532207489014,0.4189869165420532,False,0.4720591649808515,True,1278,True
0.3567212178722653,0.3567212178722653,0.3567212178722653,0.009449101038528928,-5.601414497534222,4.769022954211649,179.56869290466935,9.095251508421136,0.4663814902305603,0.4246554374694824,False,0.4709236300307933,True,1280,True
0.37974328960608883,0.37974328960608883,0.37974328960608883,0.01933410645227248,-19.20269055356546,6.130748689121059,-178.4834424312845,-12.37586636447251,0.16616415977478027,0.4232805371284485,False,0.46139501145032435,True,1282,True
0.3682159151705102,0.3682159151705102,0.3682159151705102,0.024201214668339976,-25.54666176813185,6.193393856527796,-177.49787718526755,5.175700632776675,0.14599496126174927,0.42330658435821533,False,0.4537773260319026,True,1284,True
0.3552261345317811,0.3552261345317811,0.3552261345317811,0.02245967300155388,-26.068809928461047,6.540868530900896,-176.27228606575642,11.16982833237529,0.13886570930480957,0.4260856509208679,False,0.44823899100969566,True,1286,True
0.4007295455508664,0.4007295455508664,0.4007295455508664,0.024537635829018672,-29.052836037660068,6.528167069386762,-175.73291362568887,4.393523575205598,0.14692962169647217,0.43143200874328613,False,0.44487759455641374,True,1288,True
0.39931162679057197,0.39931162679057197,0.39931162679057197,0.027131907026220526,-29.92519662120721,7.109683919513358,-175.78010170320593,2.8917312365770313,0.15037930011749268,0.4383733868598938,False,0.44357675301710975,True,1290,True
0.3914675752795914,0.3914675752795914,0.3914675752795914,0.02298093457857566,-30.767230424431457,6.686063955672561,-175.17985900167923,4.897232303202677,0.1437867283821106,0.4464957118034363,False,0.44416054477437505,True,1292,True
0.4036461651021034,0.4036461651021034,0.4036461651021034,0.019464999843284488,-29.974119265912545,6.6544668404710015,-175.11186279982522,4.382186687176693,0.1421261429786682,0.45518583059310913,False,0.4463656019381219,True,1294,True
0.4070066423808296,0.4070066423808296,0.4070066423808296,0.0181338306793928,-29.427773143958426,6.664702885789922,-174.85828876486437,59.85719794870756,0.11004334688186646,0.471031129360199,True,0.48709248155049756,True,1296,True
0.40650390461449193,0.40650390461449193,0.40650390461449193,0.01871427135778364,-28.735910825770972,6.420906825448931,-175.26148262147493,24.123307416281417,0.12691915035247803,0.48449259996414185,True,0.5196739852403981,True,1298,True
0.39899252932388085,0.39899252932388085,0.39899252932388085,0.020378747195228086,-29.248458028262476,5.965189774879737,-175.6199450277699,23.99911775503964,0.12687450647354126,0.49736297130584717,True,0.5457391881923185,True,1300,True
0.4222801474175826,0.4222801474175826,0.4222801474175826,0.02203809180174809,-28.53088290090469,6.13810650740071,-175.5772300506323,12.381483906246569,0.1411009430885315,0.5076240003108978,False,0.5381161506160343,True,1302,True
0.40904343292394085,0.40904343292394085,0.40904343292394085,0.023228692892579714,-27.243563085100877,5.343066716521777,-174.89729427927986,-10.868905038429949,0.16454696655273438,0.5124433636665344,False,0.5329815932261344,True,1304,True
,,,,,,,,0.16454696655273438,0.5124433636665344,False,0.5329815932261344,True,1306,False
,,,,,,,,0.16454696655273438,0.5124433636665344,False,0.5329815932261344,True,1308,False
,,,,,,,,0.16454696655273438,0.5124433636665344,False,0.5329815932261344,True,1310,False
,,,,,,,,0.16454696655273438,0.5124433636665344,False,0.5329815932261344,True,1312,False
,,,,,,,,0.16454696655273438,0.5124433636665344,False,0.5329815932261344,True,1314,False
,,,,,,,,0.16454696655273438,0.5124433636665344,False,0.5329815932261344,True,1316,False
0.3591739839862028,0.3591739839862028,0.3591739839862028,0.02504930075222532,-17.187438622571054,3.6860883192143707,-178.749199658407,-15.739082507644762,0.17987680435180664,0.5127744078636169,True,0.5563852745809075,True,1318,True
0.3709634361075299,0.3709634361075299,0.3709634361075299,0.012450188396271954,-5.003907059201506,1.8535555604708236,-178.94471198095783,-12.645540094706362,0.18827664852142334,0.5108985006809235,True,0.575108219664726,True,1320,True
0.3600444147925692,0.3600444147925692,0.3600444147925692,0.0060482789096621805,1.9982953924681335,0.9230462152338539,-178.70621216071146,-7.22504068815443,0.1970769762992859,0.5077019035816193,False,0.5616269564481047,True,1322,True
0.31682163090987403,0.31682163090987403,0.31682163090987403,0.002793655086819912,3.4057826775060542,-0.019301337827906422,-179.62678584378125,-8.494525536576205,0.20622271299362183,0.5024566948413849,False,0.5497929041267607,True,1324,True
0.284004384188105,0.284004384188105,0.284004384188105,0.011349317478083825,5.278382701054589,-0.42414667749073237,179.22743933281248,-10.764931649801216,0.4802910089492798,0.4990784525871277,False,0.5396500138188342,True,1326,True
0.30495117274289824,0.30495117274289824,0.30495117274289824,0.009170712300730716,8.544773058233892,-0.83492148806939,179.34477380708654,-9.434264772654215,0.4777066111564636,0.4956014156341553,False,0.5308402941818984,True,1328,True
0.3185617446519253,0.3185617446519253,0.3185617446519253,0.0035254090155936524,6.221376377797336,-0.5722891501710273,178.02069987758455,1.2162004281326875,0.4784086346626282,0.49330824613571167,False,0.5233338845726611,True,1330,True
0.2752817005181646,0.2752817005181646,0.2752817005181646,0.007529679374818333,-8.093553178407708,0.24612833832416198,178.3862400239922,7.466170227808042,0.40903323888778687,0.4913821816444397,False,0.5169435439870168,True,1332,True
0.19902620521524872,0.19902620521524872,0.19902620521524872,0.007308914395020909,-6.806417479932528,0.4342968407274479,177.97305234343423,13.38159679486443,0.6159270107746124,0.48981571197509766,False,0.5367402373445359,True,1334,True
0.19503052451076383,0.19503052451076383,0.19503052451076383,0.010569236669496133,-6.503730742772229,0.46488425704509306,179.48384563984206,10.441341665214464,0.6565928757190704,0.48888564109802246,False,0.5607107650194428,True,1336,True
0.30083972861990604,0.30083972861990604,0.30083972861990604,0.005304393132903529,-8.886514619445332,0.7214010628243185,-178.5521383761498,11.643780800798762,0.1431722640991211,0.4868354797363281,False,0.54593570796282,True,1338,True
0.3283352777170411,0.3283352777170411,0.3283352777170411,0.007774460002396306,-4.474690139284024,1.2255716110749586,-177.5244579806147,11.566841751325612,0.14845150709152222,0.48403674364089966,False,0.5335559150984359,True,1340,True
0.359807153552498,0.359807153552498,0.359807153552498,0.01173121336330079,-9.421697804249485,1.5517611235367903,-177.91605782030118,12.376880577651692,0.13817662000656128,0.48166388273239136,False,0.523177508625227,True,1342,True
0.3656322587760342,0.3656322587760342,0.3656322587760342,0.013254182294820348,-16.86484894979918,2.18063357721922,-177.55231311625462,11.842452024650575,0.13522857427597046,0.4800395965576172,False,0.5145499262117051,True,1344,True
0.3788398577657225,0.3788398577657225,0.3788398577657225,0.009984859391066362,1.160384217676385,2.017867652697186,-174.520608672156,12.82266575806269,0.17103302478790283,0.4791806936264038,False,0.5074760796946449,True,1346,True
0.37409491661624633,0.37409491661624633,0.37409491661624633,0.011337715512637198,2.1926988663013836,2.0567345476922783,-177.1725834568178,11.525356459272942,0.17592215538024902,0.47851842641830444,False,0.5016845490393769,True,1348,True
0.38270359094051665,0.38270359094051665,0.38270359094051665,0.00956162730228423,12.290485010486252,1.8083702812200393,-175.36641329541317,12.535040247880149,0.23013895750045776,0.47744888067245483,False,0.49683741536599246,True,1350,True
0.378115667985839,0.378115667985839,0.378115667985839,0.012965275747246199,13.414181456787027,1.8523576803105337,-175.23114972154175,13.899150784381819,0.24286210536956787,0.4760192632675171,False,0.49267378494629743,True,1352,True
0.3735038428718578,0.3735038428718578,0.3735038428718578,0.0059382610888835665,10.957294141868886,2.072077281698782,-174.32457718587628,19.459129092970677,0.21708202362060547,0.4749300479888916,True,0.5241390279570379,True,1354,True
0.37792784677969243,0.37792784677969243,0.37792784677969243,0.007225024194807456,12.802689915016606,1.4438441207886468,-174.29908822001934,22.37685881687251,0.22939223051071167,0.4742738604545593,True,0.5493112223656303,True,1356,True
0.3484102525991979,0.3484102525991979,0.3484102525991979,0.007214627871129928,14.467599574836994,1.5428080022699024,-173.870401404011,21.956092866629863,0.2554042339324951,0.4735848307609558,True,0.5694489778925043,True,1358,True
0.24562345662694446,0.24562345662694446,0.24562345662694446,0.006005947248055771,18.29081992525522,1.72048108613792,-174.97276702762872,18.980051072107084,0.5806994140148163,0.47211408615112305,True,0.5855591823140034,True,1360,True
0.19340869306282116,0.19340869306282116,0.19340869306282116,0.008013310231999271,14.769514350411301,1.8816683720414065,-175.11226908497758,16.126436560878627,0.7756155729293823,0.4708843231201172,False,0.6235704604370792,True,1362,True
0.18389943646539483,0.18389943646539483,0.18389943646539483,0.009617220411833103,12.798428840195804,2.140431538351869,-174.9475791695743,-13.895830336534216,0.8251344561576843,0.46621274948120117,True,0.6638832595812003,True,1364,True
0.1422340445871194,0.1422340445871194,0.1422340445871194,0.0073373755796956866,14.18430781430955,1.964688225925926,-175.51021139162464,14.19220256471837,0.8925136849284172,0.4648258686065674,False,0.7096093446506437,True,1366,True
0.13615414906302653,0.13615414906302653,0.13615414906302653,0.009060307802933279,13.339898310040589,2.1383489469251,-174.64889016224748,-12.06904356873046,0.9088274240493774,0.46250486373901367,False,0.7494529605303906,True,1368,True
0.09167941054259002,0.09167941054259002,0.09167941054259002,0.011976934363720087,10.14412878981962,2.7881866477040265,-174.80438182634188,10.621733597218851,0.9503020234405994,0.46372121572494507,False,0.7896227731124323,True,1370,True
0.11115945332966992,0.11115945332966992,0.11115945332966992,0.015872649086010424,-15.200594899803274,2.948576294476525,-171.71996699105722,27.9424519353457,0.9162972867488861,0.4681810140609741,True,0.8149576758397231,True,1372,True
,,,,,,,,0.9162972867488861,0.4681810140609741,True,0.8149576758397231,True,1374,False
,,,,,,,,0.9162972867488861,0.4681810140609741,True,0.8149576758397231,True,1376,False
,,,,,,,,0.9162972867488861,0.4681810140609741,True,0.8149576758397231,True,1378,False
,,,,,,,,0.9162972867488861,0.4681810140609741,True,0.8149576758397231,True,1380,False
,,,,,,,,0.9162972867488861,0.4681810140609741,True,0.8149576758397231,True,1382,False
0.3505468354492258,0.3505468354492258,0.3505468354492258,0.01214755395487951,-20.641371995623196,-1.3607946606344934,-179.96924352013133,-7.018921089908235,0.14636176824569702,0.47121959924697876,False,0.7462100605211742,True,1384,True
0.3531913770677163,0.3531913770677163,0.3531913770677163,0.008957701253891183,-21.29430763191513,-2.0526165817322264,177.69155839044092,-11.400334197707181,0.4046059250831604,0.47522658109664917,False,0.6920133646362693,True,1386,True
,,,,,,,,0.4046059250831604,0.47522658109664917,False,0.6920133646362693,True,1388,False
0.3486746303313029,0.3486746303313029,0.3486746303313029,0.007192614983486427,-14.011401726953315,-0.42020670950675576,173.13185340446665,5.5467452868339135,0.4035624861717224,0.48246538639068604,False,0.6501037689871527,True,1390,True
0.35896275051332105,0.35896275051332105,0.35896275051332105,0.014594700555928014,-10.50901952743896,1.2397818728942396,171.26323922466864,-0.24075719337728482,0.45879679918289185,0.48836666345596313,False,0.6177563478809148,True,1392,True
0.34076386774005024,0.34076386774005024,0.34076386774005024,0.00484509341835198,-12.9656149495641,1.651981558066111,169.1310974550751,-3.3595250582859806,0.4205058217048645,0.49089694023132324,False,0.5923844663509965,True,1394,True
0.33990541447022465,0.33990541447022465,0.33990541447022465,0.012270006950136853,-11.69289246336713,0.5026911494318156,169.5503241773944,-0.3210914057976734,0.43490171432495117,0.4917309284210205,False,0.5722537587650014,True,1396,True
0.3200646025487881,0.3200646025487881,0.3200646025487881,0.013573062393260883,-12.178919175060472,-0.6403571428169439,172.73621130219124,-5.4850224373804695,0.4268682599067688,0.48971301317214966,False,0.555745609646431,True,1398,True
0.3391696878978619,0.3391696878978619,0.3391696878978619,0.007725296211835511,-10.145174461042586,-0.8231774480553248,173.16534663123034,-4.144182273378237,0.44853752851486206,0.4871004819869995,False,0.5420165841145448,True,1400,True
0.37310203843063616,0.37310203843063616,0.37310203843063616,0.006332900786588835,-2.813462390025055,-2.264401043484226,173.28840645605143,2.5253543892688217,0.45589518547058105,0.48603934049606323,False,0.5308211353908485,True,1402,True
0.3632187004980554,0.3632187004980554,0.3632187004980554,0.001137047895498577,-1.8135067913557827,-3.102962205026618,172.20709628895372,0.5164874503136434,0.4564697742462158,0.4841132164001465,False,0.5214795515927081,True,1404,True
0.3596734339718818,0.3596734339718818,0.3596734339718818,0.00277532450242573,-0.8709474782905552,-3.7378364342317183,172.23261803732825,0.15205990301523772,0.45864760875701904,0.481468141078949,False,0.5134772694899563,True,1406,True
0.3536516579726493,0.3536516579726493,0.3536516579726493,0.0025395950126116365,3.0636476115421867,-3.8865180619459228,171.95250708633714,4.283344965608309,0.4562388062477112,0.47912275791168213,False,0.5066063671743015,True,1408,True
0.3656656478233542,0.3656656478233542,0.3656656478233542,0.0015506400995165413,6.179889211206355,-4.099664497185506,171.3270697964479,10.507519350128785,0.4453599452972412,0.47815537452697754,False,0.5009161686448367,True,1410,True
0.373122616592616,0.373122616592616,0.373122616592616,0.0016909190516059473,6.037823941827173,-4.8300518074118015,171.54353615811297,0.4812174281154332,0.44712740182876587,0.4752979874610901,False,0.4957925324080874,True,1412,True
,,,,,,,,0.44712740182876587,0.4752979874610901,False,0.4957925324080874,True,1414,False
0.36240024761507084,0.36240024761507084,0.36240024761507084,0.01625494274815548,1.756696030733695,-7.587409566888343,173.83901231407842,-1.6372718727153077,0.46096372604370117,0.4715614318847656,False,0.4909463123034231,True,1416,True
0.34992523715748663,0.34992523715748663,0.34992523715748663,0.01394378559615054,13.818057727247895,-8.020792274646565,175.0279798423452,-2.880299263397171,0.45693105459213257,0.4668201804161072,False,0.48612108592595993,True,1418,True
0.3681957328740891,0.3681957328740891,0.3681957328740891,0.004900668006737544,18.32330700897728,-7.902626576384541,175.42694386228723,-7.169039421297866,0.44596654176712036,0.46143198013305664,False,0.48118326476737927,True,1420,True
0.3890261443980889,0.3890261443980889,0.3890261443980889,0.0053917649504931315,17.40648825201559,-8.013464957553998,175.826784223173,-2.9213890350718756,0.4365684390068054,0.45695018768310547,False,0.47633664935052455,True,1422,True
0.37898331564248083,0.37898331564248083,0.37898331564248083,0.003667694481245156,17.06957639284002,-8.41062533802114,175.34883588428724,-9.034877694754332,0.4439132809638977,0.45133984088897705,False,0.4713372876582151,True,1424,True
,,,,,,,,0.4439132809638977,0.45133984088897705,False,0.4713372876582151,True,1426,False
0.4053409998270351,0.4053409998270351,0.4053409998270351,0.00931730005051637,15.011077628716398,-9.387354234984358,176.2419141371394,-10.520408649475351,0.4386446475982666,0.4459763765335083,False,0.46626510543327376,True,1428,True
0.3653846637087834,0.3653846637087834,0.3653846637087834,0.00974890235559489,19.34738183355491,-10.30100363393236,175.83373267943986,-10.236406896952257,0.4440303444862366,0.4405340552330017,False,0.4618181532438663,True,1430,True
0.3590069009003917,0.3590069009003917,0.3590069009003917,0.008816171466017174,18.61775508447217,-10.489417095744379,177.58049111177385,0.22766950417631107,0.44412142038345337,0.4379813075065613,False,0.4582788066717838,True,1432,True
0.3306487312739298,0.3306487312739298,0.3306487312739298,0.002142709137293745,17.781453070021318,-11.309000476489688,177.05967725225835,-3.2700855071249095,0.4402082562446594,0.4357227087020874,False,0.45466469658635894,True,1434,True
0.33249780807026985,0.33249780807026985,0.33249780807026985,0.0038063237034916615,17.96367555914196,-11.752609969845926,176.54135604030157,-7.915963687574765,0.440235435962677,0.43345290422439575,False,0.4517788444616226,True,1436,True
0.3340569572807387,0.3340569572807387,0.3340569572807387,0.00551613199153537,18.23253758344856,-12.420404789725973,177.2182173426909,-9.075506206683679,0.4401302933692932,0.43140631914138794,False,0.44944913424315674,True,1438,True
0.34187481148285404,0.34187481148285404,0.34187481148285404,0.007396018502200568,19.797496190678554,-13.029487913451938,177.951685470568,-2.9020976840063613,0.438159704208374,0.4307759404182434,False,0.4471912482362002,True,1440,True
0.34461545047368375,0.34461545047368375,0.34461545047368375,0.010847477497015296,20.05535847473609,-13.376911495250699,178.49180645460913,-3.3306161662798974,0.4393565058708191,0.43056148290634155,False,0.445624299763124,True,1442,True
0.3469608616422766,0.3469608616422766,0.3469608616422766,0.010890525305758509,21.197868780345587,-13.294174706240568,179.22091597076846,2.2798466966590287,0.4387716054916382,0.4313364624977112,False,0.4442537609088269,True,1444,True
0.34531745004822434,0.34531745004822434,0.34531745004822434,0.00951896093955039,21.063615876886843,-13.517134428206232,179.08589167673944,-1.569677007644238,0.4370778799057007,0.43163156509399414,False,0.4428185847082017,True,1446,True
0.3473441452929761,0.3473441452929761,0.3473441452929761,0.006083721409104867,22.449327291703433,-13.718282270925208,179.4566911030915,-3.4309030125509654,0.4319096803665161,0.4314044713973999,False,0.4406368038398646,True,1448,True
0.35925648717871855,0.35925648717871855,0.35925648717871855,0.003373721824936388,22.74339188606139,-14.037309228784622,179.22356895342162,-0.25050228303316613,0.4308769106864929,0.4313887357711792,False,0.43878719022612755,True,1450,True
0.3681415390320897,0.3681415390320897,0.3681415390320897,0.001610364179924422,22.971789642698067,-13.79551282922294,179.57501863119487,2.162788226057244,0.43065470457077026,0.4316418170928955,False,0.4373581155994811,True,1452,True
0.3817586609869007,0.3817586609869007,0.3817586609869007,0.00566711815373279,21.246150177807753,-13.25176804227433,-179.89962846752715,0.4171498511933434,0.2921820878982544,0.42701655626296997,False,0.4352898037321789,True,1454,True
,,,,,,,,0.2921820878982544,0.42701655626296997,False,0.4352898037321789,True,1456,False
0.34361744926568005,0.34361744926568005,0.34361744926568005,0.012868133421252462,6.121026163266093,-10.357784422669647,179.64692856587837,-8.747445984593362,0.4681479334831238,0.4244963526725769,False,0.4418614296823679,True,1458,True
0.3366285512790934,0.3366285512790934,0.3366285512790934,0.01213761813258994,-14.624184563155206,-7.703665681730577,179.52553805715888,-6.484070955229807,0.41828471422195435,0.423384428024292,False,0.4381660293507528,True,1460,True
0.34525920351807815,0.34525920351807815,0.34525920351807815,0.007639199853631402,-20.33393766825153,-5.474570297050606,178.6123585298116,-3.5886008264814198,0.37174516916275024,0.4235696792602539,False,0.435246759332653,True,1462,True
0.36436073384386325,0.36436073384386325,0.36436073384386325,0.006687183876301662,-23.40656282097429,-2.7057234884169277,175.18367032476237,-1.8350166075491892,0.3644099831581116,0.4255051612854004,False,0.43329843972320253,True,1464,True
0.34604370197618806,0.34604370197618806,0.34604370197618806,0.006649283821207766,-27.56682236827796,-1.6447994852022032,176.96111281514618,7.20773809455374,0.3141007423400879,0.43072617053985596,False,0.4327839858865333,True,1466,True
0.3304785265757851,0.3304785265757851,0.3304785265757851,0.004170635023207355,-30.160151936543873,0.4601675116667071,174.489558919559,3.552799104697333,0.2949986457824707,0.4369308352470398,False,0.4336133557586346,True,1468,True
0.33207409638101404,0.33207409638101404,0.33207409638101404,0.0048751840147378276,-30.80971492063095,1.7275792829424994,173.68700145634728,-4.0942943662749425,0.30960506200790405,0.44241881370544434,False,0.4353744473479966,True,1470,True
0.3479414953336256,0.3479414953336256,0.3479414953336256,0.006086074362142617,-32.50896337816475,3.0178234808659483,173.32448376069658,0.925258147068912,0.304394006729126,0.4494187831878662,False,0.43818331451597053,True,1472,True
0.34624941407638443,0.34624941407638443,0.34624941407638443,0.010640147642596704,-34.742297650142724,4.16072923701374,172.57089850158152,4.562387889618823,0.2929379940032959,0.4576002359390259,False,0.4420666988005816,True,1474,True
,,,,,,,,0.2929379940032959,0.4576002359390259,False,0.4420666988005816,True,1476,False
0.3528985596809129,0.3528985596809129,0.3528985596809129,0.029048970697004673,-37.79167413079252,3.8181828420323636,174.73487468627138,47.16345716199125,0.25163066387176514,0.4753912687301636,True,0.4836533590404653,True,1478,True
0.4058774462470405,0.4058774462470405,0.4058774462470405,0.007667880454838803,-39.278065960101,4.09715029088285,173.13001810410145,56.77264330612682,0.23459768295288086,0.49667495489120483,True,0.5169226872323722,True,1480,True
,,,,,,,,0.23459768295288086,0.49667495489120483,True,0.5169226872323722,True,1482,False
0.3522035822403742,0.3522035822403742,0.3522035822403742,0.02665823607150661,-39.92707491437502,3.410357400502791,174.02581642134263,50.608826820522914,0.23595654964447021,0.5154525339603424,True,0.5435381497858978,True,1484,True
,,,,,,,,0.23595654964447021,0.5154525339603424,True,0.5435381497858978,True,1486,False
,,,,,,,,0.23595654964447021,0.5154525339603424,True,0.5435381497858978,True,1488,False
0.35226840563334294,0.35226840563334294,0.35226840563334294,0.02058185138604653,-40.15011610300726,2.038934123732538,175.59527849657218,20.165787193100687,0.2643635869026184,0.530752032995224,True,0.5648305198287182,True,1490,True
0.3973661388646704,0.3973661388646704,0.3973661388646704,0.009842389296046231,-40.63775271360138,3.6754727335285335,172.96654770574037,18.125075208996144,0.2834697961807251,0.5434255301952362,True,0.5818644158629747,True,1492,True
0.369384775198075,0.369384775198075,0.369384775198075,0.005251924314271425,-38.438784735945454,4.329576985353877,172.8244846983812,41.52679725747925,0.23358052968978882,0.5540502965450287,True,0.5954915326903798,True,1494,True
,,,,,,,,0.23358052968978882,0.5540502965450287,True,0.5954915326903798,True,1496,False
,,,,,,,,0.23358052968978882,0.5540502965450287,True,0.5954915326903798,True,1498,False
,,,,,,,,0.23358052968978882,0.5540502965450287,True,0.5954915326903798,True,1500,False
0.3257458477747393,0.3257458477747393,0.3257458477747393,0.014553251200623321,-39.909322580979406,0.8496934125863732,174.29279078556456,22.710874222347222,0.23566126823425293,0.5620602965354919,True,0.6063932261523038,True,1502,True
,,,,,,,,0.23566126823425293,0.5620602965354919,True,0.6063932261523038,True,1504,False
,,,,,,,,0.23566126823425293,0.5620602965354919,True,0.6063932261523038,True,1506,False
,,,,,,,,0.23566126823425293,0.5620602965354919,True,0.6063932261523038,True,1508,False
,,,,,,,,0.23566126823425293,0.5620602965354919,True,0.6063932261523038,True,1510,False
,,,,,,,,0.23566126823425293,0.5620602965354919,True,0.6063932261523038,True,1512,False
,,,,,,,,0.23566126823425293,0.5620602965354919,True,0.6063932261523038,True,1514,False
,,,,,,,81.31809555753522,0.23566126823425293,0.5620602965354919,True,0.6063932261523038,True,1516,False
,,,,,,,93.94875989167147,0.23566126823425293,0.5620602965354919,True,0.6063932261523038,True,1518,False
,,,,,,,73.86854840864207,0.23566126823425293,0.5620602965354919,True,0.6063932261523038,True,1520,False
,,,,,,,82.47804675385159,0.23566126823425293,0.5620602965354919,True,0.6063932261523038,True,1522,False
,,,,,,,90.87577923141617,0.23566126823425293,0.5620602965354919,True,0.6063932261523038,True,1524,False
,,,,,,,104.2535101055238,0.23566126823425293,0.5620602965354919,True,0.6063932261523038,True,1526,False
,,,,,,,96.25763264400034,0.23566126823425293,0.5620602965354919,True,0.6063932261523038,True,1528,False
,,,,,,,100.45574839177459,0.23566126823425293,0.5620602965354919,True,0.6063932261523038,True,1530,False
,,,,,,,110.48495856804409,0.23566126823425293,0.5620602965354919,True,0.6063932261523038,True,1532,False
,,,,,,,103.57930082873062,0.23566126823425293,0.5620602965354919,True,0.6063932261523038,True,1534,False
0.38345653428905924,0.38345653428905924,0.38345653428905924,0.03161205517236764,-27.84572564017656,-13.57501462700206,-171.87941900227577,111.3082050055994,0.10392439365386963,0.5632059872150421,True,0.6151145809218431,True,1536,True
0.3958912135947886,0.3958912135947886,0.3958912135947886,0.029681272691014927,-38.66879902249182,173.89209837334144,175.85053989799533,113.03234570498975,0.5230019390583038,0.5737414360046387,True,0.6220916647374746,True,1538,True
,,,,,,,100.14124008166017,0.5230019390583038,0.5737414360046387,True,0.6220916647374746,True,1540,False
,,,,,,,70.04703403408446,0.5230019390583038,0.5737414360046387,True,0.6220916647374746,True,1542,False
,,,,,,,73.19196582948145,0.5230019390583038,0.5737414360046387,True,0.6220916647374746,True,1544,False
,,,,,,,102.15246025584594,0.5230019390583038,0.5737414360046387,True,0.6220916647374746,True,1546,False
,,,,,,,77.94307336492054,0.5230019390583038,0.5737414360046387,True,0.6220916647374746,True,1548,False
,,,,,,,78.9101463343521,0.5230019390583038,0.5737414360046387,True,0.6220916647374746,True,1550,False
,,,,,,,90.20685245697486,0.5230019390583038,0.5737414360046387,True,0.6220916647374746,True,1552,False
,,,,,,,112.61033337857268,0.5230019390583038,0.5737414360046387,True,0.6220916647374746,True,1554,False
0.3193658985988017,0.3193658985988017,0.3193658985988017,0.004884580111099422,-25.77542280851102,-0.8942594509060244,174.0925525076966,166.77443356861548,0.2390879988670349,0.5691869258880615,True,0.6276733317899796,True,1556,True
0.34873746063811695,0.34873746063811695,0.34873746063811695,0.02157372211801367,-27.80717942979478,-0.5430935714953261,178.00374375043125,158.48092491794282,0.2184314727783203,0.5690651535987854,True,0.6321386654319837,True,1558,True
,,,,,,,107.09410056725801,0.2184314727783203,0.5690651535987854,True,0.6321386654319837,True,1560,False
,,,,,,,64.10215331331553,0.2184314727783203,0.5690651535987854,True,0.6321386654319837,True,1562,False
,,,,,,,77.67638211288705,0.2184314727783203,0.5690651535987854,True,0.6321386654319837,True,1564,False
,,,,,,,144.56560486421267,0.2184314727783203,0.5690651535987854,True,0.6321386654319837,True,1566,False
,,,,,,,121.83607310032828,0.2184314727783203,0.5690651535987854,True,0.6321386654319837,True,1568,False
,,,,,,,120.19678301647113,0.2184314727783203,0.5690651535987854,True,0.6321386654319837,True,1570,False
,,,,,,,97.55834794719289,0.2184314727783203,0.5690651535987854,True,0.6321386654319837,True,1572,False
,,,,,,,147.83263319914232,0.2184314727783203,0.5690651535987854,True,0.6321386654319837,True,1574,False
,,,,,,,168.12234104697637,0.2184314727783203,0.5690651535987854,True,0.6321386654319837,True,1576,False
,,,,,,,-152.97758913213184,0.2184314727783203,0.5690651535987854,True,0.6321386654319837,True,1578,False
,,,,,,,-138.26480195109693,0.2184314727783203,0.5690651535987854,True,0.6321386654319837,True,1580,False
0.2777506601413789,0.2777506601413789,0.2777506601413789,0.06397112932154371,-4.800425956004298,-7.515159363159606,-174.25008995215674,-170.99829938756162,0.5867984592914581,0.5735600292682648,True,0.635710932345587,True,1582,True
,,,,,,,172.62968382712083,0.5867984592914581,0.5735600292682648,True,0.635710932345587,True,1584,False
,,,,,,,-153.06836131997318,0.5867984592914581,0.5735600292682648,True,0.635710932345587,True,1586,False
,,,,,,,-173.5228231828821,0.5867984592914581,0.5735600292682648,True,0.635710932345587,True,1588,False
,,,,,,,108.68348598890043,0.5867984592914581,0.5735600292682648,True,0.635710932345587,True,1590,False
,,,,,,,134.06357518065695,0.5867984592914581,0.5735600292682648,True,0.635710932345587,True,1592,False
,,,,,,,97.01514853157006,0.5867984592914581,0.5735600292682648,True,0.635710932345587,True,1594,False
,,,,,,,120.6328114617582,0.5867984592914581,0.5735600292682648,True,0.635710932345587,True,1596,False
,,,,,,,125.42922362602182,0.5867984592914581,0.5735600292682648,True,0.635710932345587,True,1598,False
,,,,,,,94.48347382026438,0.5867984592914581,0.5735600292682648,True,0.635710932345587,True,1600,False
,,,,,,,-63.217197116037404,0.5867984592914581,0.5735600292682648,True,0.635710932345587,True,1602,False
,,,,,,,-43.22655799434036,0.5867984592914581,0.5735600292682648,True,0.635710932345587,True,1604,False
,,,,,,,75.72050792298823,0.5867984592914581,0.5735600292682648,True,0.635710932345587,True,1606,False
,,,,,,,23.621491917229278,0.5867984592914581,0.5735600292682648,True,0.635710932345587,True,1608,False
,,,,,,,42.100564783120426,0.5867984592914581,0.5735600292682648,True,0.635710932345587,True,1610,False
,,,,,,,122.93019276020885,0.5867984592914581,0.5735600292682648,True,0.635710932345587,True,1612,False
,,,,,,,141.49878283351407,0.5867984592914581,0.5735600292682648,True,0.635710932345587,True,1614,False
,,,,,,,135.80948777199785,0.5867984592914581,0.5735600292682648,True,0.635710932345587,True,1616,False
,,,,,,,148.3943650318142,0.5867984592914581,0.5735600292682648,True,0.635710932345587,True,1618,False
,,,,,,,142.47360209673874,0.5867984592914581,0.5735600292682648,True,0.635710932345587,True,1620,False
,,,,,,,142.07716109003184,0.5867984592914581,0.5735600292682648,True,0.635710932345587,True,1622,False
,,,,,,,144.4351999359267,0.5867984592914581,0.5735600292682648,True,0.635710932345587,True,1624,False
,,,,,,,149.3187459681464,0.5867984592914581,0.5735600292682648,True,0.635710932345587,True,1626,False
,,,,,,,152.50671054209226,0.5867984592914581,0.5735600292682648,True,0.635710932345587,True,1628,False
,,,,,,,152.90807454339142,0.5867984592914581,0.5735600292682648,True,0.635710932345587,True,1630,False
,,,,,,,153.39038220946443,0.5867984592914581,0.5735600292682648,True,0.635710932345587,True,1632,False
,,,,,,,151.33926308160153,0.5867984592914581,0.5735600292682648,True,0.635710932345587,True,1634,False
,,,,,,,153.58450041490266,0.5867984592914581,0.5735600292682648,True,0.635710932345587,True,1636,False
,,,,,,,122.15398644006825,0.5867984592914581,0.5735600292682648,True,0.635710932345587,True,1638,False
,,,,,,,49.041258676534675,0.5867984592914581,0.5735600292682648,True,0.635710932345587,True,1640,False
,,,,,,,145.9848509657312,0.5867984592914581,0.5735600292682648,True,0.635710932345587,True,1642,False
,,,,,,,73.4279689860148,0.5867984592914581,0.5735600292682648,True,0.635710932345587,True,1644,False
,,,,,,,135.76905028062498,0.5867984592914581,0.5735600292682648,True,0.635710932345587,True,1646,False
,,,,,,,135.25988517710488,0.5867984592914581,0.5735600292682648,True,0.635710932345587,True,1648,False
,,,,,,,164.58991789239914,0.5867984592914581,0.5735600292682648,True,0.635710932345587,True,1650,False
,,,,,,,151.8941808093714,0.5867984592914581,0.5735600292682648,True,0.635710932345587,True,1652,False
,,,,,,,149.8313465489858,0.5867984592914581,0.5735600292682648,True,0.635710932345587,True,1654,False
,,,,,,,144.55532042530345,0.5867984592914581,0.5735600292682648,True,0.635710932345587,True,1656,False
,,,,,,,152.16640403976146,0.5867984592914581,0.5735600292682648,True,0.635710932345587,True,1658,False
,,,,,,,148.206793301888,0.5867984592914581,0.5735600292682648,True,0.635710932345587,True,1660,False
,,,,,,,140.46980460402895,0.5867984592914581,0.5735600292682648,True,0.635710932345587,True,1662,False
,,,,,,,133.41210949630505,0.5867984592914581,0.5735600292682648,True,0.635710932345587,True,1664,False
,,,,,,,146.44166337894558,0.5867984592914581,0.5735600292682648,True,0.635710932345587,True,1666,False
,,,,,,,142.85334668311745,0.5867984592914581,0.5735600292682648,True,0.635710932345587,True,1668,False
,,,,,,,132.340796005917,0.5867984592914581,0.5735600292682648,True,0.635710932345587,True,1670,False
,,,,,,,107.64923045257174,0.5867984592914581,0.5735600292682648,True,0.635710932345587,True,1672,False
,,,,,,,99.0752424629773,0.5867984592914581,0.5735600292682648,True,0.635710932345587,True,1674,False
,,,,,,,116.38984456269769,0.5867984592914581,0.5735600292682648,True,0.635710932345587,True,1676,False
,,,,,,,114.47032140874191,0.5867984592914581,0.5735600292682648,True,0.635710932345587,True,1678,False
,,,,,,,134.6590129095356,0.5867984592914581,0.5735600292682648,True,0.635710932345587,True,1680,False
,,,,,,,59.472433948451794,0.5867984592914581,0.5735600292682648,True,0.635710932345587,True,1682,False
,,,,,,,48.801907672749394,0.5867984592914581,0.5735600292682648,True,0.635710932345587,True,1684,False
,,,,,,,106.78482510846138,0.5867984592914581,0.5735600292682648,True,0.635710932345587,True,1686,False
,,,,,,,114.77652448751395,0.5867984592914581,0.5735600292682648,True,0.635710932345587,True,1688,False
,,,,,,,58.431645099597716,0.5867984592914581,0.5735600292682648,True,0.635710932345587,True,1690,False
,,,,,,,43.179888591018916,0.5867984592914581,0.5735600292682648,True,0.635710932345587,True,1692,False
,,,,,,,-178.48377070050765,0.5867984592914581,0.5735600292682648,True,0.635710932345587,True,1694,False
,,,,,,,128.94599764156948,0.5867984592914581,0.5735600292682648,True,0.635710932345587,True,1696,False
,,,,,,,52.11417565793409,0.5867984592914581,0.5735600292682648,True,0.635710932345587,True,1698,False
0.2977790513746492,0.2977790513746492,0.2977790513746492,0.04146223677391458,-13.082237874125132,-0.0011367333773437986,179.87776214859076,33.61845649307422,0.3649987578392029,0.5725810527801514,True,0.6385687458764696,True,1700,True
,,,,,,,88.40756964902076,0.3649987578392029,0.5725810527801514,True,0.6385687458764696,True,1702,False
,,,,,,,109.85153246832843,0.3649987578392029,0.5725810527801514,True,0.6385687458764696,True,1704,False
,,,,,,,97.21057265349175,0.3649987578392029,0.5725810527801514,True,0.6385687458764696,True,1706,False
,,,,,,,54.33967472165091,0.3649987578392029,0.5725810527801514,True,0.6385687458764696,True,1708,False
,,,,,,,51.03500186698131,0.3649987578392029,0.5725810527801514,True,0.6385687458764696,True,1710,False
,,,,,,,64.660378779493,0.3649987578392029,0.5725810527801514,True,0.6385687458764696,True,1712,False
,,,,,,,68.83378841870734,0.3649987578392029,0.5725810527801514,True,0.6385687458764696,True,1714,False
,,,,,,,,0.3649987578392029,0.5725810527801514,True,0.6385687458764696,True,1716,False
,,,,,,,,0.3649987578392029,0.5725810527801514,True,0.6385687458764696,True,1718,False
,,,,,,,,0.3649987578392029,0.5725810527801514,True,0.6385687458764696,True,1720,False
,,,,,,,,0.3649987578392029,0.5725810527801514,True,0.6385687458764696,True,1722,False
,,,,,,,,0.3649987578392029,0.5725810527801514,True,0.6385687458764696,True,1724,False
,,,,,,,,0.3649987578392029,0.5725810527801514,True,0.6385687458764696,True,1726,False
,,,,,,,,0.3649987578392029,0.5725810527801514,True,0.6385687458764696,True,1728,False
,,,,,,,,0.3649987578392029,0.5725810527801514,True,0.6385687458764696,True,1730,False
,,,,,,,,0.3649987578392029,0.5725810527801514,True,0.6385687458764696,True,1732,False
,,,,,,,,0.3649987578392029,0.5725810527801514,True,0.6385687458764696,True,1734,False
,,,,,,,,0.3649987578392029,0.5725810527801514,True,0.6385687458764696,True,1736,False
0.3494684674558004,0.3494684674558004,0.3494684674558004,0.008510809552327902,9.044424836636225,-0.9508273856073286,-176.49181233901737,-0.3419198994059527,0.22553330659866333,0.5710349082946777,False,0.6250619783601112,True,1738,True
,,,,,,,,0.22553330659866333,0.5710349082946777,False,0.6250619783601112,True,1740,False
0.38491816036155857,0.38491816036155857,0.38491816036155857,0.011384704251013057,18.700476570583998,-1.9685446656793562,-175.77625185935997,9.798289383324404,0.28038138151168823,0.566435307264328,False,0.6133366441409546,True,1742,True
,,,,,,,,0.28038138151168823,0.566435307264328,False,0.6133366441409546,True,1744,False
0.4097819119487278,0.4097819119487278,0.4097819119487278,0.01153178989157056,19.68326068722358,-4.293540810537892,-176.17502294079642,-3.2042845504662396,0.28187096118927,0.5577285885810852,False,0.6022150330289807,True,1746,True
0.36954691347008123,0.36954691347008123,0.36954691347008123,0.02127113376353699,17.708750503464138,-4.85062653992034,-178.94490218225533,-0.7862184544859172,0.2966703772544861,0.5448096692562103,False,0.5907339602744267,True,1748,True
0.3826552925398962,0.3826552925398962,0.3826552925398962,0.016723107999428728,21.284950108770055,-5.687437916165123,-179.46485426321485,-0.4843808779306664,0.30898863077163696,0.5292919278144836,False,0.5784455537824381,True,1750,True
0.39419108558301025,0.39419108558301025,0.39419108558301025,0.009236658952257207,20.792974493323264,-6.548586077896313,-179.75703802382827,-1.5283504218264954,0.28998780250549316,0.5127523243427277,False,0.5653069078944961,True,1752,True
0.35262685470932975,0.35262685470932975,0.35262685470932975,0.011733351096235528,19.332267783887403,-6.524402489964924,178.56048918855151,-1.1705344150778545,0.44660383462905884,0.5006336867809296,False,0.5523722636717828,True,1754,True
0.3729495644877959,0.3729495644877959,0.3729495644877959,0.008570113317414089,20.125407556039924,-6.773278376856579,178.3064234715718,-0.5620571161320431,0.4425090551376343,0.49037832021713257,False,0.5399734749808528,True,1756,True
0.37334084838170734,0.37334084838170734,0.37334084838170734,0.008465439673121324,20.193452433886378,-7.119501889953128,177.8136594889779,0.02063097234774982,0.44139039516448975,0.48114949464797974,False,0.5282086789142783,True,1758,True
0.36328087451285196,0.36328087451285196,0.36328087451285196,0.006698345418105663,20.48731969312136,-7.720765203477691,176.68805217480164,0.23261661505947764,0.44126856327056885,0.4725368618965149,False,0.5170743155107256,True,1760,True
0.3715544227987354,0.3715544227987354,0.3715544227987354,0.008025426559220608,19.50596760459546,-8.036711618233277,175.81479625582077,-0.478696483700117,0.44098085165023804,0.4647226929664612,False,0.5066039910018727,True,1762,True
0.37369263075093406,0.37369263075093406,0.37369263075093406,0.005976600124621399,18.63194822647238,-8.29093291188879,175.52485064101563,-0.6009623347863468,0.43915998935699463,0.45773863792419434,False,0.496830920386337,True,1764,True
0.3736707412175593,0.3736707412175593,0.3736707412175593,0.008057788449116044,18.246044525828808,-9.116424014874653,175.12361018902888,-1.587117911705897,0.4405010938644409,0.4514966607093811,False,0.4877640684509459,True,1766,True
0.3684045094591577,0.3684045094591577,0.3684045094591577,0.005825982091806811,17.630818107926316,-9.735486002805862,174.83695530540223,-2.2093534692576786,0.44129979610443115,0.4460447430610657,False,0.47942020337296987,True,1768,True
0.3849276719280862,0.3849276719280862,0.3849276719280862,0.005512217195934577,17.169322499205343,-10.131090603613613,174.79690690260892,2.701966178735746,0.43186014890670776,0.4426153898239136,False,0.47205924066315863,True,1770,True
0.36991059381763064,0.36991059381763064,0.36991059381763064,0.0036821871799466404,15.719697460945458,-9.746786172728678,173.01792309140862,0.7994954260074266,0.43796199560165405,0.43954724073410034,False,0.465556840677347,True,1772,True
0.3844342388361835,0.3844342388361835,0.3844342388361835,0.009838152832015074,16.452354292598773,-10.039233916302942,172.2222588577191,3.014337535704772,0.4339233636856079,0.43769264221191406,False,0.4599840009842604,True,1774,True
0.373697346129775,0.373697346129775,0.373697346129775,0.005374418777058271,15.69707459465436,-10.229616563870028,172.15989930005097,5.8489727639261,0.43335676193237305,0.4368742108345032,False,0.45536204295430893,True,1776,True
0.3447114810455576,0.3447114810455576,0.3447114810455576,0.0065652714674256036,16.591546303772553,-10.020858753745197,172.76082373527422,4.659779103481983,0.4448615312576294,0.4362162947654724,False,0.45326194061497305,True,1778,True
0.3496283393794614,0.3496283393794614,0.3496283393794614,0.006860909010130719,16.613429550281307,-10.650317175555596,171.8308268481568,1.2259719259147588,0.44455403089523315,0.4354971647262573,False,0.4515203586710251,True,1780,True
0.348358798148562,0.348358798148562,0.348358798148562,0.0036519333579533887,17.7396697499896,-11.049485754271528,172.24202876202335,5.16915373790197,0.44027942419052124,0.4355716109275818,False,0.4492721717749243,True,1782,True
0.3420168835050615,0.3420168835050615,0.3420168835050615,0.0009175693970470351,19.833683846058147,-11.28175822194614,171.89857342395092,5.812938693503096,0.4366706609725952,0.4359092116355896,False,0.44675186961445845,True,1784,True
0.3362151745484738,0.3362151745484738,0.3362151745484738,0.01199646918328825,21.262968781373413,-11.843449409698483,171.60007778579052,8.923006527495566,0.4397873282432556,0.4370208978652954,False,0.4453589613402179,True,1786,True
0.3217387000267541,0.3217387000267541,0.3217387000267541,0.011281905131977502,22.583703567241393,-12.238240380669573,170.8587735903154,4.060999403146083,0.43555277585983276,0.43727803230285645,False,0.44374277553274566,True,1788,True
0.3380920167815271,0.3380920167815271,0.3380920167815271,0.030731560322396843,23.01615420322892,-12.569963871723413,170.35150129884985,2.324953230028262,0.44375067949295044,0.4373432993888855,False,0.44374435632478665,True,1790,True
0.34990349101143875,0.34990349101143875,0.34990349101143875,0.027199214474789686,22.76609962071881,-12.48703080698153,170.29713688949167,6.574061322716896,0.4439793825149536,0.4374927878379822,False,0.44379136156282006,True,1792,True
,,,,,,,,0.4439793825149536,0.4374927878379822,False,0.44379136156282006,True,1794,False
0.3308056025198517,0.3308056025198517,0.3308056025198517,0.033736144325895445,20.898502821386266,-12.53035694475522,169.21801151259604,-14.81630792290084,0.44548875093460083,0.4340943694114685,True,0.48503308925025607,True,1796,True
0.34569380144441797,0.34569380144441797,0.34569380144441797,0.030192780875567125,23.207548260407755,-12.44301981540637,169.96566361661226,-10.419752702330433,0.4399949312210083,0.430932879447937,False,0.4760254576444065,True,1798,True
0.36181807411658606,0.36181807411658606,0.36181807411658606,0.024073882928192368,23.103631222985594,-11.814631597663935,170.48794126770238,-9.974043369274009,0.43817365169525146,0.42755526304244995,False,0.4684550964545755,True,1800,True
0.35796019984064387,0.35796019984064387,0.35796019984064387,0.038694961058675,24.213729427676,-10.831148475900916,172.60209151139432,-8.39927514432079,0.44504278898239136,0.42493224143981934,False,0.4637726349601387,True,1802,True
0.26938144745036025,0.26938144745036025,0.26938144745036025,0.055743621736112546,22.974057421255647,-9.236509751769908,172.94974294056175,-7.4480501156308945,0.463520884513855,0.42257893085479736,False,0.46372228487088196,True,1804,True
0.31410010430683655,0.31410010430683655,0.31410010430683655,0.07813745862868673,24.298584255340202,-8.551126791657696,174.37701290321934,-7.56779897464226,0.457949697971344,0.4214022755622864,False,0.4625677674909744,True,1806,True
0.3322780349654507,0.3322780349654507,0.3322780349654507,0.06601474923323013,24.370243104386216,-7.710601294426022,175.36886817579946,-1.7524831019952305,0.4568917155265808,0.42119932174682617,False,0.4614325570980957,True,1808,True
0.34065021275287527,0.34065021275287527,0.34065021275287527,0.05560913484513787,24.8829681792332,-6.7036727261416225,176.32447286364655,3.636114896667794,0.45824646949768066,0.4220169186592102,False,0.4607953395780127,True,1810,True
0.3502458006368553,0.3502458006368553,0.3502458006368553,0.046082958574444076,24.42154146756796,-5.811030978036627,177.2724991998324,4.867734403879472,0.4560201168060303,0.42313170433044434,False,0.45984029502361623,True,1812,True
0.36299645850033446,0.36299645850033446,0.36299645850033446,0.05742865585827335,24.178661224670044,-5.499507870929328,177.69971887002725,8.536580098821226,0.46438872814178467,0.42482900619506836,False,0.46074998164724995,True,1814,True
0.35513085262027777,0.35513085262027777,0.35513085262027777,0.031283762176093736,24.14522918737423,-4.498508912621141,178.6396611252612,10.086719769389257,0.45134472846984863,0.4264304041862488,False,0.45886893101176973,True,1816,True
0.36123118584683456,0.36123118584683456,0.36123118584683456,0.03603792715861795,24.567962939602662,-3.2705570775869477,179.7676472821348,3.025709991885333,0.45241403579711914,0.42682188749313354,False,0.45757795196883966,True,1818,True
0.3667565655952926,0.3667565655952926,0.3667565655952926,0.0477540066416827,22.729306424312846,-2.2768625063603425,-178.85157377014488,8.037058989201443,0.3625152111053467,0.4224575161933899,False,0.45055386481374976,True,1820,True
0.37847558988095664,0.37847558988095664,0.37847558988095664,0.04805181349574786,20.88458194555693,-1.3079217558454157,-176.88298208827473,1.5462358332742876,0.34805166721343994,0.41666752099990845,False,0.4437765960509815,True,1822,True
0.3642928786129196,0.3642928786129196,0.3642928786129196,0.04543340572200636,20.391081315236228,-0.8913656182394619,-176.69467984741001,-3.119605669607999,0.35383909940719604,0.4110260009765625,False,0.43722647703609774,True,1824,True
0.3540204167890453,0.3540204167890453,0.3540204167890453,0.03221804539593828,15.271568765912425,-0.7369966228274887,-176.85385155174683,-1.5445656052747334,0.3046039342880249,0.4068853259086609,False,0.43115824681061043,True,1826,True
0.3565282422051764,0.3565282422051764,0.3565282422051764,0.03365014051301452,-27.153200198346873,-0.8207329263139901,-176.30734835506112,5.7639137496204444,0.1525202989578247,0.40642476081848145,False,0.42621154961218466,True,1828,True
0.33961282903348905,0.33961282903348905,0.33961282903348905,0.023361858458560928,-31.679480807682047,-0.45043153115000867,-177.52171179496878,8.143960932099942,0.13525962829589844,0.40832245349884033,False,0.4226337303895158,True,1830,True
0.37779203527028016,0.37779203527028016,0.37779203527028016,0.014352617170068156,-34.89940570373945,-0.5247625987080357,-176.4860778125262,20.52269948433935,0.11761373281478882,0.41587257385253906,True,0.4681069843116127,True,1832,True
0.39119703637221126,0.39119703637221126,0.39119703637221126,0.021310379047854603,-37.24672931876718,0.6515187336043612,-178.51747293637115,25.72739873013156,0.11752396821975708,0.42839550971984863,True,0.5044855874492902,True,1834,True
0.38514647393638746,0.38514647393638746,0.38514647393638746,0.01781622746511421,-37.52171584607399,1.5099301121396387,179.8576066537629,26.56629176515161,0.28551119565963745,0.4501042366027832,True,0.5335884699594322,True,1836,True
0.4044070081412648,0.4044070081412648,0.4044070081412648,0.02143939490827559,-40.20223248626871,1.346349395533804,-179.5207301224539,15.568253636917861,0.1254788637161255,0.46503400802612305,False,0.5198775775727704,True,1838,True
0.40038097479730617,0.40038097479730617,0.40038097479730617,0.018086870416294226,-41.666538271583214,1.4392983174846616,179.4091235720909,11.720795200800202,0.305316686630249,0.485413134098053,False,0.5129846888778269,True,1840,True
0.40359009128997825,0.40359009128997825,0.40359009128997825,0.014153297503274606,-41.74415598342216,1.020614437434164,178.8031439097591,21.360715181824826,0.2848582863807678,0.5041980445384979,True,0.5403877511022616,True,1842,True
0.39545025236732856,0.39545025236732856,0.39545025236732856,0.011300808080294988,-41.16342099549449,1.6918977677046723,177.20019588707535,35.45285634613265,0.25236475467681885,0.5219594240188599,True,0.5623102008818093,True,1844,True
0.38088525581956156,0.38088525581956156,0.38088525581956156,0.007025073060866959,-41.823092029046,2.226041553929927,175.2806684212861,24.336513340674262,0.25294578075408936,0.5357739329338074,True,0.5798481607054474,True,1846,True
0.3449309713746219,0.3449309713746219,0.3449309713746219,0.022777041734515478,-43.505375866582746,1.884149621154821,175.83646595086395,28.441031806243235,0.23936808109283447,0.5468297004699707,True,0.593878528564358,True,1848,True
0.3099615937367942,0.3099615937367942,0.3099615937367942,0.006908660357216534,-45.2574946044999,2.3783665081353607,174.17714835919807,30.520429929400628,0.19880414009094238,0.5557974874973297,True,0.6051028228514864,True,1850,True
0.39061170747067836,0.39061170747067836,0.39061170747067836,0.038757067613491465,-49.29835089243565,2.9031457694027405,172.2184629818169,31.957885810647106,0.2620793581008911,0.5647734105587006,True,0.6140822582811891,True,1852,True
0.42867866626587203,0.42867866626587203,0.42867866626587203,0.03552441153562227,-50.069608462288045,2.4106750405516784,171.73478711269462,54.24604638540686,0.2455626130104065,0.57347771525383,True,0.6212658066249513,True,1854,True
0.4785257809300576,0.4785257809300576,0.4785257809300576,0.1361918492027257,-52.121220063665525,-3.074934332033016,178.5330327879122,36.58115689892721,0.44914746284484863,0.5812049210071564,True,0.6270126452999611,True,1856,True
0.48666821243267266,0.48666821243267266,0.48666821243267266,0.09221510262431114,-51.05590485695499,-3.2210462135786266,177.84718663023475,43.167926438619645,0.3772106170654297,0.587734192609787,True,0.631610116239969,True,1858,True
0.44749113391907935,0.44749113391907935,0.44749113391907935,0.08254051899271043,-52.04206530314046,0.804923078423948,172.2954099534545,68.44411971599308,0.2982701063156128,0.5902256071567535,True,0.6352880929919752,True,1860,True
0.47649157837007117,0.47649157837007117,0.47649157837007117,0.02600956429580252,-47.69240319121853,177.44252647457688,172.38466659976288,45.54909742195532,0.45149070024490356,0.6016298234462738,True,0.6382304743935802,True,1862,True
0.39959796685783056,0.39959796685783056,0.39959796685783056,0.006162548942390838,-46.71059519042652,-7.034334758886465,178.1904694123424,50.9793210829784,0.20930546522140503,0.5982041656970978,True,0.6405843795148641,True,1864,True
0.40393741229767266,0.40393741229767266,0.40393741229767266,0.1104846671890359,-49.189766563436386,-0.8460071852627549,170.54719963614153,65.59887497138531,0.3235710859298706,0.5956556797027588,True,0.6424675036118913,True,1866,True
0.37082986430902554,0.37082986430902554,0.37082986430902554,0.15076270255626267,-52.29802328185146,0.09231661843872134,172.56968381285816,63.134727923929525,0.3582574725151062,0.5929764807224274,True,0.6439740028895131,True,1868,True
0.34232368194379104,0.34232368194379104,0.34232368194379104,0.02010273344743048,-42.81091643466634,-2.1158134559045885,173.91778940420815,67.71250467816502,0.19596844911575317,0.5928451418876648,True,0.6451792023116105,True,1870,True
0.31248979907378716,0.31248979907378716,0.31248979907378716,0.09022358803176901,-45.35665520780941,-0.7317896050660228,171.43042074817475,63.41715234120125,0.2747725248336792,0.5906034111976624,True,0.6461433618492884,True,1872,True
0.16100990087169234,0.16100990087169234,0.16100990087169234,0.06615442183015945,-41.199698915893315,0.3417824359510718,170.08500206598038,56.57224485537729,0.5801202952861786,0.5873335599899292,True,0.6469146894794308,True,1874,True
0.25208366869064314,0.25208366869064314,0.25208366869064314,0.03168794859812043,-36.76578702607005,1.3799019666908972,169.67849506180616,27.146711760091275,0.27196383476257324,0.593536764383316,True,0.6475317515835446,True,1876,True
,,,,,,,,0.27196383476257324,0.593536764383316,True,0.6475317515835446,True,1878,False
0.31578956605906094,0.31578956605906094,0.31578956605906094,0.046622516101305134,-30.25344752527153,-1.2612186359387836,171.46098342505815,16.640699335011313,0.3156592845916748,0.6014113128185272,False,0.6383076638305412,True,1880,True
0.31927916431590253,0.31927916431590253,0.31927916431590253,0.0241750452274337,-28.253826694957258,-1.267404185422931,172.83846286926251,9.052825709634844,0.30992138385772705,0.6079815030097961,False,0.6322424316663922,True,1882,True
0.3340710907288976,0.3340710907288976,0.3340710907288976,0.027624111949262693,-24.580760800591005,-1.7252811371897006,173.63637165439226,5.142916974443301,0.35336363315582275,0.6121262013912201,False,0.6282191856113577,True,1884,True
0.34445910103108723,0.34445910103108723,0.34445910103108723,0.025780787462615584,-13.747116044565452,-1.415823878641178,172.81334791060596,4.504509146466384,0.43412208557128906,0.6131395399570465,False,0.6252032564804955,True,1886,True
0.3227459163267529,0.3227459163267529,0.3227459163267529,0.021750703090460802,-4.8561697196360045,-1.8984213193392954,174.48186947119737,2.7055464511084715,0.4799819588661194,0.6093672811985016,False,0.6220360614240967,True,1888,True
0.326671116857814,0.326671116857814,0.326671116857814,0.02140904059972589,-6.551318143755326,-1.7145508304107027,175.02317857282577,2.4010724734701814,0.4748455286026001,0.6015487611293793,False,0.6179386013651533,True,1890,True
0.3463042145627948,0.3463042145627948,0.3463042145627948,0.015225521569540195,-1.4824513514547342,-1.9422108463574013,175.39358448761004,2.391031085690352,0.4707576632499695,0.5910449922084808,False,0.6125598795338189,True,1892,True
0.338754332968523,0.338754332968523,0.338754332968523,0.023570372451486615,3.348606020058343,-2.478084181120502,175.84648752091158,0.8099486952660464,0.4769743084907532,0.5774637162685394,False,0.6055406468807629,True,1894,True
0.3329161176784137,0.3329161176784137,0.3329161176784137,0.029730863361461014,9.50418557582531,-2.7247214454951023,176.47071333558557,-3.8200622214553674,0.48068714141845703,0.5608698725700378,False,0.5966064920186179,True,1896,True
0.3338954298772926,0.3338954298772926,0.3338954298772926,0.02560017647657991,9.426182838211606,-3.4859205519083063,177.04173173104252,-2.1351114847978465,0.4773130416870117,0.5438235998153687,False,0.5860499135779681,True,1898,True
0.33509463278973123,0.33509463278973123,0.33509463278973123,0.026226903565815786,14.383172358383359,-3.474764271929099,178.50273818984857,-1.0735510425722292,0.4676892161369324,0.5269373655319214,False,0.5742274039687588,True,1900,True
0.3354348475483916,0.3354348475483916,0.3354348475483916,0.030269508502995132,16.041718960744248,-3.4282290843345553,179.01645398910637,-2.162500346752785,0.46557652950286865,0.5109466016292572,False,0.5615712435008585,True,1902,True
0.3340107639972607,0.3340107639972607,0.3340107639972607,0.02012720102049288,17.5414637019482,-3.3767294947325905,179.11782855926344,-3.398409761796144,0.4560241103172302,0.4959975481033325,False,0.5484565044213533,True,1904,True
0.3510706853166792,0.3510706853166792,0.3510706853166792,0.013838335620885645,20.20167524023473,-3.2485448385955813,-179.30020714305653,-3.965800960489423,0.3249708414077759,0.47822242975234985,False,0.5344096894875526,True,1906,True
0.35466135910200147,0.35466135910200147,0.35466135910200147,0.009230486321625944,19.67553101600045,-2.7856246427244438,-178.10625049633583,-3.6462201124808504,0.31465500593185425,0.46142446994781494,False,0.5198126455796052,True,1908,True
0.3700376252382256,0.3700376252382256,0.3700376252382256,0.012893291564424128,21.402766780492577,-2.4157725860686217,-175.74042662694325,-4.5314957896633485,0.3217088580131531,0.44716471433639526,False,0.5052830593309632,True,1910,True
0.36963580175776045,0.36963580175776045,0.36963580175776045,0.01092463380302354,21.074243703211025,-1.7189110462948898,-174.54379266944528,-2.174589563241437,0.31754541397094727,0.43594038486480713,False,0.491414524437732,True,1912,True
0.380313591138534,0.380313591138534,0.380313591138534,0.0025744034111119187,21.31967484474557,-1.6750079533888063,-174.27971507018853,-2.0427094436178095,0.3028336763381958,0.42726826667785645,False,0.4785852728857569,True,1914,True
0.39516500152363027,0.39516500152363027,0.39516500152363027,0.0073325043423370945,22.846563753857208,-1.148036553996827,-172.64842089263615,6.107397891405144,0.30477041006088257,0.4216589331626892,False,0.46720000494114344,True,1916,True
0.39186416999723506,0.39186416999723506,0.39186416999723506,0.0012713925804715732,24.143930365334747,-0.8844502998073689,-171.6863399160501,7.418570994486403,0.30764394998550415,0.4178682565689087,False,0.4573336552666965,True,1918,True
0.39788204246004943,0.39788204246004943,0.39788204246004943,0.004992267560841873,25.353739971360703,-0.5676380323510765,-171.65935269208376,4.478954425742166,0.3163563013076782,0.41523975133895874,False,0.448914874481149,True,1920,True
0.42367830634858117,0.42367830634858117,0.42367830634858117,0.02334959134669911,25.913843239390285,-0.9554887149568206,-173.4474971287797,1.6250635970887466,0.318317174911499,0.41352933645248413,False,0.44183776687541604,True,1922,True
0.3876797047917215,0.3876797047917215,0.3876797047917215,0.02175152512904006,24.73431742925895,-2.6481680923554936,-176.94651490936985,-1.0037893105773865,0.33525002002716064,0.41184961795806885,False,0.43584013709194663,True,1924,True
0.3788672179143362,0.3788672179143362,0.3788672179143362,0.023435075325876818,25.393339070253322,-4.045431414625249,-178.40194650794282,-0.2940239589210373,0.3451560139656067,0.410927951335907,False,0.43085769994073875,True,1926,True
0.38792431797430216,0.38792431797430216,0.38792431797430216,0.023143610653761252,25.782084823664228,-5.081985798245447,-179.5774670931471,0.7493104925047475,0.3387974500656128,0.41060465574264526,False,0.42680709110112003,True,1928,True
0.39276923885045,0.39276923885045,0.39276923885045,0.03137013674848051,23.989315705263806,-6.197251743838226,178.84476878247563,-0.27061661953357125,0.4490848183631897,0.4140584468841553,False,0.43126263655353403,True,1930,True
0.387498111340996,0.387498111340996,0.387498111340996,0.030549795766992602,24.631064941531566,-6.892529347086298,177.03616825957818,-7.159277420422309,0.4448615312576294,0.4165832996368408,False,0.4339824154943531,True,1932,True
0.3752789029542669,0.3752789029542669,0.3752789029542669,0.026488061597112745,24.381716878511465,-8.237891939892073,175.75691049105353,-2.5199708636992577,0.4426954388618469,0.4193047285079956,False,0.4357250201678519,True,1934,True
0.3750557490774152,0.3750557490774152,0.3750557490774152,0.01991413091546428,23.885303599187115,-8.53538557070759,174.49483075061443,4.785548128200654,0.4416537284851074,0.4228220582008362,False,0.43691076183130306,True,1936,True
0.36129900840768103,0.36129900840768103,0.36129900840768103,0.01803288224714735,24.84041339129438,-10.5654883930956,174.26035754726172,4.862705084801854,0.4368290305137634,0.42582976818084717,False,0.4368944155677952,True,1938,True
0.3803846717414903,0.3803846717414903,0.3803846717414903,0.015977209988726978,28.55010023845411,-11.69960189802791,175.38247300459042,2.6966224666915712,0.4277079105377197,0.42803484201431274,False,0.4351225008570987,True,1940,True
0.37734934448547763,0.37734934448547763,0.37734934448547763,0.047057951792900746,29.90675305913428,-13.04628613168001,176.10382390674357,-0.2540460920620722,0.4398748278617859,0.42920905351638794,False,0.43607296625803615,True,1942,True
0.3793071608500347,0.3793071608500347,0.3793071608500347,0.07239142441646816,29.132416310172907,-14.339638684917942,174.8854064680575,1.481604889620074,0.45461755990982056,0.4301227331161499,False,0.4397818849883931,True,1944,True
0.37123587660291146,0.37123587660291146,0.37123587660291146,0.04725293658740186,30.40073541733139,-15.919592765534855,173.5017137467348,-7.19609274300008,0.4347078204154968,0.4287431836128235,False,0.4387670720738139,True,1946,True
0.39614914712167926,0.39614914712167926,0.39614914712167926,0.05476427169344435,30.679834663532706,-16.399048964878236,172.27329328499374,-9.856708066016656,0.441203236579895,0.426776647567749,False,0.43925430497503015,True,1948,True
0.38420326873108757,0.38420326873108757,0.38420326873108757,0.07075646027707971,31.632871355926977,-16.594124015371367,172.3176888119941,-5.6774761956832025,0.4462047219276428,0.4251202344894409,False,0.44064438836555275,True,1950,True
0.37791356342259685,0.37791356342259685,0.37791356342259685,0.03941914665915976,29.885775920752348,-15.846823070253102,173.60543188386882,-2.661331430466415,0.432908296585083,0.42392200231552124,False,0.43909717000945886,True,1952,True
0.4121491160895662,0.4121491160895662,0.4121491160895662,0.022061936270033975,28.743365120800892,-13.800068608258902,175.29690525849304,-4.265598058003696,0.42856115102767944,0.4227678179740906,False,0.43698996621310304,True,1954,True
0.3627572858107394,0.3627572858107394,0.3627572858107394,0.011878265929821592,27.91006333702354,-11.3313619747912,177.80454677641336,-7.133113242528923,0.42441463470458984,0.4206300973892212,False,0.4344748999114004,True,1956,True
0.3367375743665528,0.3367375743665528,0.3367375743665528,0.15976488970579938,26.455106574289825,-7.950022248795373,-179.46079939791952,-6.174510457466646,0.5037293136119843,0.4155224561691284,False,0.44832578265151724,True,1958,True
0.3554182240117028,0.3554182240117028,0.3554182240117028,0.09111628223775121,20.028089276817713,-3.3157364296606118,-177.14530767853907,4.963880595061099,0.40230971574783325,0.4108031392097473,False,0.4408212539631633,True,1960,True
0.35885663367409626,0.35885663367409626,0.35885663367409626,0.08006241751858208,-16.28524884714355,-0.7041199833136617,-174.52216552193855,8.014246059748809,0.20724105834960938,0.4085680842399597,False,0.4343706200185226,True,1962,True
0.37252378112318135,0.37252378112318135,0.37252378112318135,0.03735471813253519,-25.130457434259593,1.218548751441643,-174.36986140835882,5.998571789248496,0.15866142511367798,0.4076213240623474,False,0.42902076082728763,True,1964,True
,,,,,,,,0.15866142511367798,0.4076213240623474,False,0.42902076082728763,True,1966,False
,,,,,,,,0.15866142511367798,0.4076213240623474,False,0.42902076082728763,True,1968,False
0.37329147256847717,0.37329147256847717,0.37329147256847717,0.024137326697190122,-31.452889932202112,1.8026397782033456,-174.31696202535923,-28.255532875449976,0.19032573699951172,0.4071442484855652,True,0.47321660866183013,True,1970,True
,,,,,,,,0.19032573699951172,0.4071442484855652,True,0.47321660866183013,True,1972,False
,,,,,,,,0.19032573699951172,0.4071442484855652,True,0.47321660866183013,True,1974,False
0.3569155332067075,0.3569155332067075,0.3569155332067075,0.02753831082804059,-28.911769865388784,2.1328119225006352,-173.95677789107995,-14.290267576042552,0.17272812128067017,0.410106360912323,True,0.5085732869294641,True,1976,True
0.38282174637879435,0.38282174637879435,0.38282174637879435,0.02595218077849601,-27.25768547145687,2.035795656188228,-173.9093028614352,-22.835344409000214,0.1870119571685791,0.4147716760635376,True,0.5368586295435713,True,1978,True
,,,,,,,,0.1870119571685791,0.4147716760635376,True,0.5368586295435713,True,1980,False
,,,,,,,,0.1870119571685791,0.4147716760635376,True,0.5368586295435713,True,1982,False
0.3641737389852976,0.3641737389852976,0.3641737389852976,0.040463872873920455,-29.448256851308404,0.45565348355330043,-179.10196187988245,0.4282593146034876,0.16245919466018677,0.4229888319969177,False,0.5140846700342406,True,1984,True
,,,,,,,,0.16245919466018677,0.4229888319969177,False,0.5140846700342406,True,1986,False
,,,,,,,,0.16245919466018677,0.4229888319969177,False,0.5140846700342406,True,1988,False
,,,,,,,,0.16245919466018677,0.4229888319969177,False,0.5140846700342406,True,1990,False
,,,,,,,,0.16245919466018677,0.4229888319969177,False,0.5140846700342406,True,1992,False
0.3892884584133142,0.3892884584133142,0.3892884584133142,0.2966925823550226,-46.657832326737434,-0.3532946899402823,176.42164083920406,81.06238122552502,0.547231912612915,0.44821876287460327,True,0.5412677360273925,True,1994,True
0.3920441779728774,0.3920441779728774,0.3920441779728774,0.3007896354981687,-48.74186266568319,2.1413958444662,171.55103960251202,62.36637763583082,0.5918872356414795,0.47514641284942627,True,0.563014188821914,True,1996,True
0.3850396146670746,0.3850396146670746,0.3850396146670746,0.3253918739845574,-48.230306426771556,4.600167839450474,168.8555251051701,70.9570761800456,0.6041627824306488,0.5010116994380951,True,0.5804113510575313,True,1998,True
0.39533687435341996,0.39533687435341996,0.39533687435341996,0.3242548863783,-45.52131803090386,1.2648248095747652,174.5701397871308,59.27503144577013,0.6155792474746704,0.5237000584602356,True,0.5943290808460251,True,2000,True
0.41393295339923675,0.41393295339923675,0.41393295339923675,0.2535278438711157,-48.843236695376746,4.117890532574532,170.66705672568517,50.76504159635094,0.5571039021015167,0.542352706193924,True,0.6054632646768201,True,2002,True
0.3648599527961792,0.3648599527961792,0.3648599527961792,0.39755301786136893,-43.36334295088992,-2.772342428309967,-177.99986416215918,63.58886886843577,0.6615309715270996,0.5473000407218933,True,0.616676806046876,True,2004,True
0.4602015580229984,0.4602015580229984,0.4602015580229984,0.41273311061142925,-49.35429909279581,-7.289463437381287,-175.18231256435874,72.24652509772227,0.5951076447963715,0.5536310970783234,True,0.6233414448375009,True,2006,True
0.3768766732729361,0.3768766732729361,0.3768766732729361,0.3170141945730735,-48.73219471207486,-1.4342123708763717,176.47652631985156,83.14432121671855,0.5741350054740906,0.5613592267036438,True,0.6286731558700007,True,2008,True
0.42255737725992915,0.42255737725992915,0.42255737725992915,0.33791922719080425,-50.85091855361277,0.3249263034320643,173.7049192007748,87.07870563072719,0.5797096788883209,0.5672120451927185,True,0.6329385246960006,True,2010,True
0.3899513842695984,0.3899513842695984,0.3899513842695984,0.2799403081494944,-48.94378376775284,0.4394175299257169,174.3074266682178,92.1791834116267,0.5053351819515228,0.5698010623455048,True,0.6363508197568005,True,2012,True
0.4052769980655868,0.4052769980655868,0.4052769980655868,0.3923001375225753,-50.52876662873565,1.1373185529599237,175.35151556728943,96.58244782556658,0.6219773292541504,0.569701075553894,True,0.6390806558054405,True,2014,True
0.4082607610917037,0.4082607610917037,0.4082607610917037,0.150433584339737,-45.86436307208011,-7.56902590935897,-177.5102147988909,110.55799781600248,0.18082356452941895,0.5665523707866669,True,0.6412645246443525,True,2016,True
0.45597741184733837,0.45597741184733837,0.45597741184733837,0.21731775286854402,-48.64933756116468,-5.136205025201802,178.71063705154515,105.64984948297197,0.4181356430053711,0.5722536146640778,True,0.643011619715482,True,2018,True
0.4341562044713764,0.4341562044713764,0.4341562044713764,0.2702105213701269,-50.57321746550762,-4.0753475181534675,177.76404458953002,103.68663457059985,0.4777546525001526,0.5741330087184906,True,0.6444092957723857,True,2020,True
0.4891535034198634,0.4891535034198634,0.4891535034198634,0.25756987747566623,-54.934243295977836,-5.691657026916373,177.8498330438701,106.13240506053715,0.46703147888183594,0.5762014985084534,True,0.6455274366179086,True,2022,True
,,,,,,,86.73646237071884,0.46703147888183594,0.5762014985084534,True,0.6455274366179086,True,2024,False
,,,,,,,,0.46703147888183594,0.5762014985084534,True,0.6455274366179086,True,2026,False
0.43445843812130436,0.43445843812130436,0.43445843812130436,0.017704530466550274,-52.05291771861773,-7.970222464653199,178.63520606941708,45.92596929508891,0.2283785343170166,0.5860536396503448,True,0.6464219492943268,True,2028,True
0.3969776402704658,0.3969776402704658,0.3969776402704658,0.010096364727288774,-47.38096907615052,-6.819237091637979,-179.7249872611825,39.89065093078127,0.0884963870048523,0.5860403776168823,True,0.6471375594354615,True,2030,True
0.3937665910858699,0.3937665910858699,0.3937665910858699,0.007060800740857701,-45.09687496224214,-6.9773661302448415,-177.01974523730433,44.185216446996854,0.08570069074630737,0.5862316787242889,True,0.6477100475483692,True,2032,True
0.41058338505568404,0.41058338505568404,0.41058338505568404,0.015043760549334172,-42.856950628264975,-6.717744970491861,-175.88732005816914,20.85582128888595,0.11513733863830566,0.5906047821044922,True,0.6481680380386954,True,2034,True
0.3467083934267192,0.3467083934267192,0.3467083934267192,0.021208259340558994,-39.53353482636823,-6.856384964944531,-175.68408729791383,28.683827793961328,0.10554260015487671,0.5908710658550262,True,0.6485344304309564,True,2036,True
0.09082217685789043,0.09082217685789043,0.09082217685789043,0.01566705022034331,-31.12422845107719,-4.4887918891865235,-177.04720961670543,29.392817327233654,0.9303130060434341,0.5870083868503571,True,0.704890145553452,True,2038,True
0.12367212211134229,0.12367212211134229,0.12367212211134229,0.00929541174590965,-25.88834934265461,-3.231219033375227,-175.11975488506346,31.700806380815585,0.8704974353313446,0.5903932750225067,True,0.7380116035090305,True,2040,True
0.320134412253934,0.320134412253934,0.320134412253934,0.003502184194807273,-20.335432944144976,-3.0829380789486898,-174.1017035863673,12.6666428238032,0.12598145008087158,0.6016635894775391,False,0.7107420007027322,True,2042,True
,,,,,,,,0.12598145008087158,0.6016635894775391,False,0.7107420007027322,True,2044,False
0.3348996590716933,0.3348996590716933,0.3348996590716933,0.01910853467913224,-3.0228351668697404,-3.1724358028399022,-175.31562404489063,-8.698355825127614,0.1901584267616272,0.6074835062026978,False,0.6900903018027253,True,2046,True
0.3274962433398612,0.3274962433398612,0.3274962433398612,0.011077324025489775,-2.654139772260067,-3.3759398980436854,-176.34982354311072,-5.899119457114588,0.1792827844619751,0.6058445870876312,False,0.6732411588597065,True,2048,True
0.3461363287759392,0.3461363287759392,0.3461363287759392,0.012218790568281611,4.256796572262795,-4.448129871640385,-176.66748186373954,-3.733035160548053,0.20527851581573486,0.5992074310779572,False,0.6584344133033566,True,2050,True
0.34746162591721197,0.34746162591721197,0.34746162591721197,0.00872271105425774,5.689031398867439,-4.823068059039541,-177.00403178967338,-3.7059816657515046,0.2080380916595459,0.5877726972103119,False,0.6443020700847477,True,2052,True
0.35142521343738,0.35142521343738,0.35142521343738,0.00741055141032404,1.5514996471131082,-4.781467701600315,-178.37075216429437,-1.725692233797001,0.1810767650604248,0.5732862055301666,False,0.6300988971738316,True,2054,True
0.3674862922461656,0.3674862922461656,0.3674862922461656,0.011157816713724442,2.478427290743726,-5.8381463838222905,-178.98785262163983,-0.9732604980998185,0.18710815906524658,0.5574105679988861,False,0.6155612313388426,True,2056,True
0.35629751241804897,0.35629751241804897,0.35629751241804897,0.01130050550430819,4.4854271952566185,-6.011856401408999,-178.4054921276205,1.5843453743509694,0.1934146285057068,0.5414818525314331,False,0.6007453555773606,True,2058,True
0.35782492359713747,0.35782492359713747,0.35782492359713747,0.012090462763644278,5.313778873346917,-6.1698696516633005,-178.82413273582327,1.4424355756118792,0.1984034776687622,0.5262121558189392,False,0.5858387156256764,True,2060,True
0.3512618860717986,0.3512618860717986,0.3512618860717986,0.008932079783898086,9.067045432400743,-5.6284614846170395,-176.83912899626552,3.00331566720382,0.21910935640335083,0.5123443305492401,False,0.5711398386103892,True,2062,True
0.34399390503908633,0.34399390503908633,0.34399390503908633,0.02415403820186503,12.823494437811904,-4.498324268300396,-176.3433243569176,4.0057500285244645,0.2709531784057617,0.49997687339782715,False,0.5569072455678767,True,2064,True
0.33668690489095043,0.33668690489095043,0.33668690489095043,0.011006316896261857,12.608629725410562,-3.9430672675799827,-173.68911905876297,5.457279541298743,0.257474422454834,0.489291250705719,False,0.5433840465954451,True,2066,True
0.19929467937561918,0.19929467937561918,0.19929467937561918,0.014360157241179528,13.394344688830472,-2.6530452833702163,-173.68145381873438,3.7129148528820655,0.7658765465021133,0.4797779321670532,False,0.5878825465767787,True,2068,True
0.1711927664246583,0.1711927664246583,0.1711927664246583,0.00978684917012373,14.12596284249291,-1.6462580140719039,-173.08205892240113,7.562189667781505,0.8398669064044952,0.47313839197158813,False,0.6382794185423221,True,2070,True
0.15050840499511686,0.15050840499511686,0.15050840499511686,0.008106766925568673,14.20946225634491,-1.4829919822427722,-172.84923695099226,9.1609360395541,0.8799856156110764,0.46960294246673584,False,0.686620657956073,True,2072,True
0.17533902377346167,0.17533902377346167,0.17533902377346167,0.002819113148971382,13.5374302938884,-0.7850195267116168,-170.42188935392832,13.046689858380997,0.821740910410881,0.4687396287918091,False,0.7136447084470345,True,2074,True
0.2827677423840165,0.2827677423840165,0.2827677423840165,0.004647725162133115,13.206852409824702,-1.529429845288379,-169.71962175224115,11.042422622437092,0.3313659429550171,0.4683549404144287,False,0.6645867548405134,True,2076,True
0.3256656434778916,0.3256656434778916,0.3256656434778916,0.003503667282127107,13.698628124697393,-1.621916148441785,-170.0556774843438,13.0529796955608,0.26159828901290894,0.46805065870285034,False,0.6252795356129809,True,2078,True
0.3591177152415508,0.3591177152415508,0.3591177152415508,0.010857374893739441,13.636218756595788,-1.2783040566776513,-169.94024253958753,12.91147110708294,0.2522461414337158,0.4673498868942261,False,0.5936936058692299,True,2080,True
0.3601231353772346,0.3601231353772346,0.3601231353772346,0.007164340447566443,12.864589162939318,-1.0751798893266138,-170.11552791555474,0.9542668553295639,0.2507755756378174,0.46450531482696533,False,0.567855947660777,True,2082,True
0.361508439298546,0.361508439298546,0.361508439298546,0.013391055139133726,13.81211701609791,-0.6524841049065973,-169.3495513852001,11.419734025630456,0.25764238834381104,0.4622268080711365,False,0.5467301197428489,True,2084,True
,,,,,,,,0.25764238834381104,0.4622268080711365,False,0.5467301197428489,True,2086,False
0.2034544414062707,0.2034544414062707,0.2034544414062707,0.031271910032345786,5.502471085526074,-0.557970726260654,-169.04592811856838,16.452700776995897,0.7190998196601868,0.4618991017341614,False,0.5812040597263165,True,2088,True
0.20380709348049406,0.20380709348049406,0.20380709348049406,0.0008707228627480481,12.189105404421852,0.046489598782285396,-168.56464545735827,18.27314016223668,0.7207162082195282,0.4631772041320801,True,0.6091064894249589,True,2090,True
0.1480114429393711,0.1480114429393711,0.1480114429393711,0.00441908975663307,9.604923769962822,0.5316467441171022,-168.41913758926813,26.475765875303345,0.8698528110980988,0.4677250385284424,True,0.6612557537595869,True,2092,True
0.1280975645904931,0.1280975645904931,0.1280975645904931,0.011027086390365088,6.88049725719039,0.4913976427826588,-168.46334736346355,37.12906265806377,0.8992382660508156,0.4762325882911682,True,0.7088522562178327,True,2094,True
0.12396150470162867,0.12396150470162867,0.12396150470162867,0.01148661219728729,5.13058874171047,1.3321867640810434,-167.56813203393992,30.663642319375075,0.9071940183639526,0.4866407513618469,True,0.7485206086470567,True,2096,True
0.11409857859739177,0.11409857859739177,0.11409857859739177,0.009690446170053515,4.7559938274465585,1.135346481133853,-165.47922285576394,19.721989784547606,0.9237786158919334,0.4968346953392029,True,0.7835722100960322,True,2098,True
0.10998125722067911,0.10998125722067911,0.10998125722067911,0.011754932192920642,4.342605210156361,0.8097384868005367,-165.57322841225303,6.137718043045724,0.93110391497612,0.5047065913677216,False,0.8130785510720498,True,2100,True
0.28429080340106705,0.28429080340106705,0.28429080340106705,0.006905111113279221,12.141525407589196,0.4382508380120943,-165.7149758573507,18.24845219151325,0.32047873735427856,0.512048065662384,True,0.78046284085764,True,2102,True
0.3579453057685693,0.3579453057685693,0.3579453057685693,0.009545568868978175,-1.8047894333411172,-0.3136278106038539,-167.5409828491231,22.654770416359234,0.15286028385162354,0.5184451341629028,True,0.754370272686112,True,2104,True
0.3645308891999126,0.3645308891999126,0.3645308891999126,0.007641539618574088,5.655213205580206,-0.8199657488876999,-169.9466980431352,21.669809104797242,0.18662220239639282,0.5238737761974335,True,0.7334962181488897,True,2106,True
0.3687546290405791,0.3687546290405791,0.3687546290405791,0.011621344313238812,11.986195373817695,-1.3249651002982692,-170.0893257351923,40.05690799372116,0.22562986612319946,0.529649555683136,True,0.7167969745191117,True,2108,True
0.33499216730954673,0.33499216730954673,0.33499216730954673,0.007856028466537721,13.2514681967526,-2.6173550575197186,-171.058121376416,35.00288447146202,0.24579942226409912,0.5341759026050568,True,0.7034375796152894,True,2110,True
0.36728386486451026,0.36728386486451026,0.36728386486451026,0.009850964307263689,12.349566501054998,-2.4889751736981602,-173.53488766718982,31.465312359853023,0.22546148300170898,0.5366040170192719,True,0.6927500636922316,True,2112,True
,,,,,,,,0.22546148300170898,0.5366040170192719,True,0.6927500636922316,True,2114,False
0.3658493281024594,0.3658493281024594,0.3658493281024594,0.014146655093495525,4.87212030851473,-2.5005089730215726,-175.47706399377515,1.0979776175734979,0.20237666368484497,0.5328469276428223,False,0.6607694364823498,True,2116,True
0.35528060078839974,0.35528060078839974,0.35528060078839974,0.013928549669755047,7.71293702488303,-2.4340022119141134,-176.03347486428004,3.0510082598749952,0.21590226888656616,0.5256679356098175,False,0.6337491363078434,True,2118,True
0.33799522331111276,0.33799522331111276,0.33799522331111276,0.010643848426179802,-13.152509004140027,-2.4128934252953904,-177.0408098030175,-0.6902089965819078,0.14764773845672607,0.5163969695568085,False,0.6102787029576364,True,2120,True
0.31573576624890776,0.31573576624890776,0.31573576624890776,0.01001844498720972,-6.874580973275398,-2.3746435115192455,-176.27304542398997,1.4951626795531723,0.1586952805519104,0.5076293051242828,False,0.5897488233909658,True,2122,True
0.36556463878851786,0.36556463878851786,0.36556463878851786,0.00836807855878421,-0.7757194414161852,-2.037141403831114,-176.1963580202802,0.5778558179693354,0.17412590980529785,0.4996933937072754,False,0.5717377374542277,True,2124,True
0.35629759771321134,0.35629759771321134,0.35629759771321134,0.02032064235453397,3.6571720638769616,-1.714021074588743,-174.69053764215582,0.21083366184007604,0.20505183935165405,0.4923393726348877,False,0.5558580644903598,True,2126,True
0.3806377460141659,0.3806377460141659,0.3806377460141659,0.01497161011936605,8.921721209695258,-1.100925087206919,-173.45595732869918,7.972713513086369,0.21644127368927002,0.4867721199989319,False,0.5420408755920743,True,2128,True
0.363869699350756,0.363869699350756,0.363869699350756,0.011819819473731057,10.9453067684017,-1.127423075841245,-173.15307000612592,20.99946385596418,0.22285467386245728,0.4837875962257385,True,0.5636327004736594,True,2130,True
0.3747257134118163,0.3747257134118163,0.3747257134118163,0.02122165967819692,10.783160678961096,-1.1678270195628089,-173.1671544097032,26.475001062795968,0.2287769913673401,0.4826449751853943,True,0.5809061603789276,True,2132,True
0.3724653689295945,0.3724653689295945,0.3724653689295945,0.005532201360672147,12.072440723459788,-1.0594807549566012,-172.86123155017836,14.012352370149785,0.22459304332733154,0.4801597595214844,False,0.560756880207439,True,2134,True
0.37144466700719836,0.37144466700719836,0.37144466700719836,0.005513179016167211,14.076164695071558,-1.225477776213912,-173.5832282587731,6.145104701675732,0.24539059400558472,0.4761037230491638,False,0.5438262487757839,True,2136,True
0.36271965803890804,0.36271965803890804,0.36271965803890804,0.005395983077480394,14.939448322110948,-1.3719652316506197,-173.5134751083351,15.407377531044485,0.25078219175338745,0.47301560640335083,False,0.5296641203012973,True,2138,True
0.36517031625798657,0.36517031625798657,0.36517031625798657,0.01020078744650664,15.900868010651585,-1.3752419791889305,-173.6914916441902,13.839484495730337,0.265423059463501,0.4698634743690491,False,0.5177039911148477,True,2140,True
0.3696149442777749,0.3696149442777749,0.3696149442777749,0.007428032762301947,15.337530377812087,-1.4566844487383361,-173.51909254641635,7.407285200459695,0.25794678926467896,0.4658384323120117,False,0.5073308793542805,True,2142,True
0.364104944822004,0.364104944822004,0.364104944822004,0.0046591784996745655,15.870646269877682,-1.4427588877555102,-173.9194159055987,5.224028808544573,0.2641937732696533,0.46125298738479614,False,0.49811530096038364,True,2144,True
0.3616742024985006,0.3616742024985006,0.3616742024985006,0.005923743583801188,15.846326629858696,-1.4727658662940297,-174.44862237775718,-1.9730741867657837,0.27311259508132935,0.45550382137298584,False,0.4895930050429041,True,2146,True
0.36575990813395487,0.36575990813395487,0.36575990813395487,0.003084219060353075,14.656354134467925,-0.9963731982357414,-174.7342427222264,0.26163369787475466,0.25516849756240845,0.4501887559890747,False,0.48171215523213823,True,2148,True
0.35466221850264334,0.35466221850264334,0.35466221850264334,0.004889541913108984,14.366428285551857,-1.20451346089761,-176.0869852722838,2.032445366552441,0.2581542730331421,0.4453786611557007,False,0.4744454564168507,True,2150,True
0.3582012349019106,0.3582012349019106,0.3582012349019106,0.006275329387999594,14.810591960662805,-1.389671532623135,-176.2789961690851,2.254660275783492,0.2613162398338318,0.44131189584732056,False,0.4678187443029447,True,2152,True
0.36863149426969577,0.36863149426969577,0.36863149426969577,0.004408330684881102,15.928394835910938,-1.5866862604692675,-176.613873136172,1.6981014006581023,0.26288533210754395,0.437827467918396,False,0.46182048902603495,True,2154,True
0.3705555382153951,0.3705555382153951,0.3705555382153951,0.00920846867986553,14.869116753662116,-1.7087683277049293,-177.74240495141478,5.4195734439431575,0.25424259901046753,0.4355784058570862,False,0.4565720723922452,True,2156,True
0.36691869768475793,0.36691869768475793,0.36691869768475793,0.0043218065518521274,13.998786958165017,-3.011934880422138,-179.39059106971771,-1.1083648752078439,0.2477625012397766,0.4330204725265503,False,0.4518617524191062,True,2158,True
0.34385640189218725,0.34385640189218725,0.34385640189218725,0.004607954043337056,12.445202805781774,-3.6109242877516907,179.17198095999808,-7.707412813975834,0.46416938304901123,0.433182954788208,False,0.45432327854508725,True,2160,True
0.3412741813432977,0.3412741813432977,0.3412741813432977,0.014714574432757895,10.924588999974691,-4.9674798290625795,175.6409249195288,-7.0087413970702395,0.4690374732017517,0.4338546395301819,False,0.4572661174764202,True,2162,True
0.32546226494258973,0.32546226494258973,0.32546226494258973,0.012737335107651243,6.807552566845107,-6.448277605468979,172.15732822376935,-3.6519136190070665,0.47391146421432495,0.4349933862686157,False,0.4605951868240012,True,2164,True
0.31838510661564545,0.31838510661564545,0.31838510661564545,0.007893070180506242,4.222090504657808,-7.975509965104543,169.26084998695805,-2.582859224397755,0.47362977266311646,0.43627917766571045,False,0.46320210399182427,True,2166,True
0.3279112184102425,0.3279112184102425,0.3279112184102425,0.008943856225356036,1.587258489799672,-9.018844274136397,168.88098098800015,-2.640860117738472,0.4709998369216919,0.43776845932006836,False,0.46476165057779784,True,2168,True
0.32347596584204774,0.32347596584204774,0.32347596584204774,0.006889893174051767,1.0044319723891617,-9.425991198151248,168.1108684765546,-1.713832689359871,0.4709464907646179,0.43940240144729614,False,0.4659986186151619,True,2170,True
0.32013282251280833,0.32013282251280833,0.32013282251280833,0.006692932796174757,0.6140254732683078,-9.471317010588345,167.18325089791398,-6.6922195375731075,0.47610318660736084,0.4399802088737488,False,0.4680195322136017,True,2172,True
0.3224859063505733,0.3224859063505733,0.3224859063505733,0.009121561923937876,-0.7800055493081326,-9.342468156494887,166.83988653081715,-8.25077327983816,0.4782722592353821,0.44001537561416626,False,0.4700700776179578,True,2174,True
0.29595657798644737,0.29595657798644737,0.29595657798644737,0.023800346083760134,-22.960233102833108,-6.104112603943288,167.56171126456866,-1.5631664283022637,0.3340977430343628,0.44110947847366333,False,0.4642779577890989,True,2176,True
0.32627348641424686,0.32627348641424686,0.32627348641424686,0.0277804834595605,-46.019218452169625,-4.080363820053538,158.5992660674572,-1.374185257996274,0.2821914553642273,0.4437825679779053,False,0.46017887982686023,True,2178,True
,,,,,,,,0.2821914553642273,0.4437825679779053,False,0.46017887982686023,True,2180,False
,,,,,,,,0.2821914553642273,0.4437825679779053,False,0.46017887982686023,True,2182,False
,,,,,,,,0.2821914553642273,0.4437825679779053,False,0.46017887982686023,True,2184,False
0.1927331282593595,0.1927331282593595,0.1927331282593595,0.05762252027407355,-34.079805932148616,-3.2766776346168807,149.56437807323394,-3.216092405869903,0.6135511696338654,0.4456108808517456,False,0.49085333778826123,True,2186,True
0.19312231940724084,0.19312231940724084,0.19312231940724084,0.056871843635251475,-25.855897452831154,-2.927811378026226,151.12659238145352,6.544055128259132,0.6065466403961182,0.45146191120147705,False,0.5139919983098327,True,2188,True
,,,,,,,3.2756860656071694,0.6065466403961182,0.45146191120147705,False,0.5139919983098327,True,2190,False
,,,,,,,-3.4576797801343755,0.6065466403961182,0.45146191120147705,False,0.5139919983098327,True,2192,False
,,,,,,,,0.6065466403961182,0.45146191120147705,False,0.5139919983098327,True,2194,False
0.28980108895138557,0.28980108895138557,0.28980108895138557,0.011400830750795208,-19.1014955712392,1.103116450996026,156.98718348981077,5.94603716535048,0.31678450107574463,0.46012234687805176,False,0.5032180680234765,True,2196,True
0.28868287387916414,0.28868287387916414,0.28868287387916414,0.015102452224756388,-16.58457699642854,1.5058112186629535,161.45638263309195,6.618074168849206,0.33792853355407715,0.4689205288887024,False,0.4963585601965217,True,2198,True
0.2631565987674598,0.2631565987674598,0.2631565987674598,0.011893809988275956,-14.519511686765904,2.0733533063392144,161.40120891860943,6.203245615888744,0.3417132496833801,0.47626256942749023,False,0.49233936204271544,True,2200,True
0.2887898154620705,0.2887898154620705,0.2887898154620705,0.01901273371321418,-14.897914076980824,2.004272220394038,164.84434628906456,6.555312737808031,0.35905176401138306,0.48272693157196045,False,0.4904168759485645,True,2202,True
0.2976647882927345,0.2976647882927345,0.2976647882927345,0.01049427769262435,-13.77837043927651,2.288124315997276,166.7283182617195,4.146778974844439,0.367953360080719,0.4874218702316284,False,0.4898178748051773,True,2204,True
0.33421223857840443,0.33421223857840443,0.33421223857840443,0.013489399629247034,-15.758251964093155,2.8964821386702395,170.4177113833033,-0.357794920374521,0.40195685625076294,0.48995113372802734,False,0.48984452658974736,True,2206,True
,,,,,,,,0.40195685625076294,0.48995113372802734,False,0.48984452658974736,True,2208,False
0.3550719861731787,0.3550719861731787,0.3550719861731787,0.025571220827851317,-6.55890413713791,2.670932208020813,176.27739222323274,-1.9501122890508724,0.4815651774406433,0.4903472661972046,False,0.48994507451123886,True,2210,True
0.3434963727221285,0.3434963727221285,0.3434963727221285,0.013691707334796589,-14.246123695710066,3.4556606936489884,177.85887401469782,-2.925046141219826,0.4365577697753906,0.4885169267654419,False,0.48965944496207947,True,2212,True
0.35845168208201306,0.35845168208201306,0.35845168208201306,0.007734777609209739,-14.676047684782471,3.068907333079306,177.68680340065512,-15.39879099057182,0.45766472816467285,0.48293745517730713,True,0.5217275559696636,True,2214,True
0.3679344084661179,0.3679344084661179,0.3679344084661179,0.0030482689530660374,-12.773765992349709,2.8880590532952723,178.70424037659126,-0.04069794297520433,0.4434540271759033,0.47947657108306885,False,0.5132773589923446,True,2216,True
0.3617694900891161,0.3617694900891161,0.3617694900891161,0.009660450063749436,-12.630884196375007,2.608456474826527,178.3647246042224,0.567192558104412,0.44899940490722656,0.4768838882446289,False,0.5059986648428015,True,2218,True
0.37372587423430575,0.37372587423430575,0.37372587423430575,0.004943295982504335,-7.833826854869859,2.0714242779766727,179.21189545490577,2.56959833090822,0.45771414041519165,0.4754546880722046,False,0.4998898694886822,True,2220,True
0.3675973077145309,0.3675973077145309,0.3675973077145309,0.006766646772636457,-4.972612986492996,1.3149638715015377,178.15932739209936,1.2692216467731035,0.46330636739730835,0.4740123152732849,False,0.49471435864560276,True,2222,True
0.32705851932001606,0.32705851932001606,0.32705851932001606,0.006038501140395874,0.5235801003697265,0.023581190137583467,177.04454046773168,-0.19113678078066065,0.48015666007995605,0.4716876149177551,False,0.49180281893247346,True,2224,True
0.32610758811366314,0.32610758811366314,0.32610758811366314,0.010186705461405831,4.579798642613947,-2.828617691076328,175.87909225227736,-2.4652386150816645,0.47705578804016113,0.4691006541252136,False,0.48885341275401106,True,2226,True
0.33231727911270736,0.33231727911270736,0.33231727911270736,0.008969223429541423,4.2952023365739995,-4.398519510954007,173.0754781643608,-7.063140131883805,0.4749506711959839,0.46567755937576294,False,0.48607286444240566,True,2228,True
0.32724966399865363,0.32724966399865363,0.32724966399865363,0.004436461762010963,4.289331657348639,-6.012141262151067,171.4682953565636,-7.416723833750127,0.4736258387565613,0.46193593740463257,False,0.48358345930523683,True,2230,True
0.3370038671733695,0.3370038671733695,0.3370038671733695,0.0074059096159536115,3.866274877184622,-6.491500089882141,171.44874629204585,-9.597538761169432,0.47201263904571533,0.4579492211341858,False,0.4812692952533325,True,2232,True
0.334875350663261,0.334875350663261,0.334875350663261,0.0019350552064564674,4.48600079317583,-6.957707861049017,169.95154173366623,-10.330611144356178,0.46975022554397583,0.45384669303894043,False,0.4789654813114612,True,2234,True
,,,,,,,,0.46975022554397583,0.45384669303894043,False,0.4789654813114612,True,2236,False
0.3340395577106975,0.3340395577106975,0.3340395577106975,0.005500329053806606,3.142519457043401,-7.947797645311452,172.39677114925422,-10.078940217688514,0.47237396240234375,0.4501655697822571,False,0.47764717752963776,True,2238,True
0.3177575008579008,0.3177575008579008,0.3177575008579008,0.007565541372083049,8.643477629746457,-8.063254140988782,174.22956470947457,-7.949403518344643,0.4722663164138794,0.4472094178199768,False,0.4765710053064861,True,2240,True
0.3005664107326782,0.3005664107326782,0.3005664107326782,0.015148410395515776,13.086751841739474,-7.297414488773917,175.9614475327738,-8.059385124279746,0.4586700201034546,0.4447786211967468,False,0.47299080826587986,True,2242,True
0.29818016646976164,0.29818016646976164,0.29818016646976164,0.005876026968827445,14.80919076974413,-7.36163526539124,176.1517295660287,-4.253144752452342,0.4505741000175476,0.44344407320022583,False,0.4685074666162134,True,2244,True
0.3200607486211373,0.3200607486211373,0.3200607486211373,0.00357589950337663,14.317629990982825,-8.33307013090506,175.25060588745947,-7.134660995436501,0.4520101547241211,0.44207608699798584,False,0.46520800423779496,True,2246,True
0.3281978067138418,0.3281978067138418,0.3281978067138418,0.00615802811046996,13.548667917732535,-9.66579241282281,176.25442379621245,-3.2180217992960154,0.45506054162979126,0.44129252433776855,False,0.46317851171619423,True,2248,True
0.3219624292588644,0.3219624292588644,0.3219624292588644,0.005825126566537497,16.256356690650215,-10.864737552957282,177.12278525230076,-6.66377438876769,0.44565141201019287,0.4399864077568054,False,0.459673091774994,True,2250,True
0.3128814145212234,0.3128814145212234,0.3128814145212234,0.006531672558678756,17.91439143795869,-11.417242484094484,178.1807723636534,-7.7799624606449,0.4403347373008728,0.4384167790412903,False,0.4558054208801698,True,2252,True
0.32874983354526094,0.32874983354526094,0.32874983354526094,0.008902616720427112,16.451245067505226,-11.743053940442413,177.8947437203541,-7.09516721811053,0.44681400060653687,0.43699753284454346,False,0.45400713682544325,True,2254,True
0.3430429707874394,0.3430429707874394,0.3430429707874394,0.006173641604556859,17.80195708688734,-11.88773853626387,178.3542431784875,-7.0582930701433755,0.44318056106567383,0.43558353185653687,False,0.4518418216734894,True,2256,True
0.3379029681012089,0.3379029681012089,0.3379029681012089,0.007802772607640202,17.340680495720516,-11.854504219016066,178.33400343006605,-7.245209148878686,0.4447493553161621,0.43407201766967773,False,0.450423328402024,True,2258,True
0.3396106768758286,0.3396106768758286,0.3396106768758286,0.01176583381382476,17.84616612033961,-12.330283384617639,178.19013868654443,-6.787839882261977,0.44481146335601807,0.4327040910720825,False,0.4493009553928228,True,2260,True
0.33336725284183266,0.33336725284183266,0.33336725284183266,0.014919464355064482,18.652196466496896,-12.45863210832827,178.9920115292436,-7.323658396190893,0.4436880350112915,0.4313661456108093,False,0.44817837131651656,True,2262,True
0.333295741265318,0.333295741265318,0.333295741265318,0.009871401776843945,19.241414347423664,-12.587961556769672,179.6408020575951,-17.412212407301546,0.44244229793548584,0.4285786747932434,True,0.4885426970532133,True,2264,True
0.3456778782804718,0.3456778782804718,0.3456778782804718,0.0029302070089345066,19.04544708865853,-12.964608296598112,178.92635852337182,-18.307315129964415,0.4410059452056885,0.42562609910964966,True,0.5208341576425707,True,2266,True
0.34472181435770943,0.34472181435770943,0.34472181435770943,0.00568081798748269,20.838912787600137,-12.899763384577874,179.6497906863466,-14.098619039345483,0.4347760081291199,0.4235389828681946,True,0.5466673261140566,True,2268,True
0.36148396257355275,0.36148396257355275,0.36148396257355275,0.011082579965860638,22.607823209403666,-13.700645294777468,-179.438789774476,-11.963436247013599,0.3277776837348938,0.4193183183670044,False,0.5211975245646462,True,2270,True
0.36914076291912074,0.36914076291912074,0.36914076291912074,0.005890807579981439,23.723876522593432,-14.65681436999359,-179.06054026963176,-6.5442983752271084,0.32037293910980225,0.41553157567977905,False,0.5000643347876728,True,2272,True
0.3985063995023428,0.3985063995023428,0.3985063995023428,0.00158486728233665,26.257597570452315,-14.615482291932226,-178.8927589018048,-8.90424922193987,0.31115442514419556,0.4122561812400818,False,0.4825027040781546,True,2274,True
0.393452572281894,0.393452572281894,0.393452572281894,0.003654280346612583,27.400414692183013,-14.61465978664333,-179.17858088529334,-11.647273645013925,0.3221348524093628,0.40950918197631836,False,0.46790399965778734,True,2276,True
0.38640458938227884,0.38640458938227884,0.38640458938227884,0.006988875880466822,28.345886844006763,-14.392628493897423,-178.5478377904097,-8.44854567275724,0.33168983459472656,0.407866895198822,False,0.4558965787659943,True,2278,True
0.39989970580715756,0.39989970580715756,0.39989970580715756,0.005249694264543618,29.40918783621075,-14.007863919922778,-177.52998257632603,-8.815282578781963,0.32410186529159546,0.4068763852119446,False,0.4460925400551844,True,2280,True
0.37892527725377967,0.37892527725377967,0.37892527725377967,0.0037537979644186193,29.28117469829965,-13.349002997444348,-176.70839658007463,-6.24221767764534,0.3388414978981018,0.4064265489578247,False,0.4381593418357125,True,2282,True
0.3582750605577707,0.3582750605577707,0.3582750605577707,0.004038944715133227,28.175549309282438,-10.933490798221868,-173.34529303312743,-1.4173210834440368,0.3522493839263916,0.4066820740699768,False,0.4318638882825654,True,2284,True
0.37387637896059256,0.37387637896059256,0.37387637896059256,0.012494177292920386,25.646609872563435,-9.449852372751085,-172.4067270907834,-4.2133247958980204,0.339832067489624,0.4070698618888855,False,0.4269050830038294,True,2286,True
0.3938319687327454,0.3938319687327454,0.3938319687327454,0.02081165237433031,24.70553440471158,-8.117330581666168,-171.4546360247205,-4.582005145805478,0.3318898677825928,0.4073526859283447,False,0.4229946035887325,True,2288,True
0.38976571947519595,0.38976571947519595,0.38976571947519595,0.013726600883234113,23.762964285372075,-8.039398628232332,-171.95207848853082,-7.164082382099855,0.3245326280593872,0.4072004556655884,False,0.41983577400410366,True,2290,True
0.397281210408977,0.397281210408977,0.397281210408977,0.011778600445012305,23.661249193833225,-7.405717236945356,-171.20876357754045,-3.6275250537957433,0.31541740894317627,0.4074022173881531,False,0.41734906268091354,True,2292,True
0.40510482405483755,0.40510482405483755,0.40510482405483755,0.01068115391741122,23.31376760111463,-7.008339577462136,-170.44588059095335,-7.168742307372434,0.30942803621292114,0.4073629379272461,False,0.4153518377301801,True,2294,True
0.40373013561287385,0.40373013561287385,0.40373013561287385,0.004890698807433098,22.7236509764117,-6.896925747546334,-170.160022983989,-6.411402707573887,0.300743043422699,0.40742117166519165,False,0.4137657045171824,True,2296,True
0.39172284093442433,0.39172284093442433,0.39172284093442433,0.006704666214316399,23.055939857421848,-6.953081885272387,-170.5425747451482,-2.278687171908195,0.3100539445877075,0.4079112410545349,False,0.41259481182465296,True,2298,True
0.38038834916371767,0.38038834916371767,0.38038834916371767,0.008895810711153938,22.658685742089983,-6.703841304457018,-169.98662228333686,5.056536352313908,0.31297093629837036,0.40930068492889404,False,0.4119359864455012,True,2300,True
0.3914705791343065,0.3914705791343065,0.3914705791343065,0.008498463734345561,23.730946624878815,-6.545206767217312,-169.40874017459973,9.850988081925218,0.30881184339523315,0.41130828857421875,False,0.4118104468712448,True,2302,True
0.3838428383498183,0.3838428383498183,0.3838428383498183,0.011034691602545993,22.82157258296701,-6.03003713353448,-169.04086622638954,11.96210853861569,0.31104421615600586,0.41364753246307373,False,0.4121778639896106,True,2304,True
,,,,,,,,0.31104421615600586,0.41364753246307373,False,0.4121778639896106,True,2306,False
0.41565477733454737,0.41565477733454737,0.41565477733454737,0.023663610907780797,21.171570850745535,-5.5249561688941435,-170.7863861446617,7.266713630985749,0.29709959030151367,0.4157390594482422,False,0.41289010308133695,True,2308,True
0.38937946430463133,0.38937946430463133,0.38937946430463133,0.007156634224130392,20.923512053064048,-5.367790747509479,-170.8792121328781,1.6391890119407304,0.2963368892669678,0.41646039485931396,False,0.4136041614369324,True,2310,True
0.39188732817344507,0.39188732817344507,0.39188732817344507,0.00881332028779193,21.386773007628403,-4.595745030436254,-170.35970564005137,14.613667811742651,0.2940136194229126,0.4186598062515259,False,0.4146152903998511,True,2312,True
0.38844447298484913,0.38844447298484913,0.38844447298484913,0.009654776325999974,20.94204293081305,-5.067767576955274,-171.83777864509955,2.5875914282014256,0.2986299991607666,0.4192698001861572,False,0.4155461923571124,True,2314,True
,,,,,,,,0.2986299991607666,0.4192698001861572,False,0.4155461923571124,True,2316,False
0.40832679730243493,0.40832679730243493,0.40832679730243493,0.020627822633786416,18.521491990272693,-5.8686202768968165,-173.72953612713067,7.226551423727886,0.2790203094482422,0.4207727313041687,False,0.4165915001465237,True,2318,True
0.35850617719623773,0.35850617719623773,0.35850617719623773,0.007154709183640129,17.142677049755285,-5.729731793408269,-174.46310423896247,6.579706757841179,0.27762502431869507,0.42159563302993774,False,0.4175923267232065,True,2320,True
0.35736121309380264,0.35736121309380264,0.35736121309380264,0.006274873020302219,17.679511552625932,-5.9267717460750085,-175.27921920923703,6.722518809890496,0.2811080813407898,0.4225822687149048,False,0.41859031512154615,True,2322,True
0.34712669130354334,0.34712669130354334,0.34712669130354334,0.012307747721362892,13.408659537599268,-6.324674203313551,-176.5358761596162,3.343369116895462,0.2582411766052246,0.42346835136413574,False,0.41956592237006407,True,2324,True
0.36864608393900045,0.36864608393900045,0.36864608393900045,0.0081842098424889,-16.561172727392925,-4.766300203611049,-179.6150425783891,0.7043688451146525,0.13713419437408447,0.4260605573654175,False,0.42086484936913476,True,2326,True
0.3129839543013413,0.3129839543013413,0.3129839543013413,0.001805617723634606,-22.438617713764078,-2.6985796827080875,176.9233835080107,-1.7445364802822136,0.32285624742507935,0.4314848780632019,False,0.4229888551079482,True,2328,True
0.3315059705314449,0.3315059705314449,0.3315059705314449,0.0034877251868552428,-30.514380868371116,-1.9216952165900207,173.9367733633148,1.66977675483394,0.29502248764038086,0.4396158456802368,False,0.42631425322240596,True,2330,True
0.32241077581793,0.32241077581793,0.32241077581793,0.01759393730330948,-34.85321204326738,-0.4477436060694573,171.34785212937973,5.990740905322258,0.27842170000076294,0.4498376250267029,False,0.4310189275832653,True,2332,True
0.3016998772361611,0.3016998772361611,0.3016998772361611,0.021092989525464574,-35.530266557190316,1.1669206952928506,169.9688220385657,8.875592807912557,0.26834166049957275,0.4611186981201172,False,0.43703888169063576,True,2334,True
0.31166197748678165,0.31166197748678165,0.31166197748678165,0.02327678869872673,-34.06209244088454,1.8833124379336172,166.86483314950968,8.516242218943367,0.2776007652282715,0.47277897596359253,False,0.44418690054522714,True,2336,True
0.3394799984878647,0.3394799984878647,0.3394799984878647,0.02622748034285497,-33.847997923368595,2.6635067059258613,163.99258081513244,6.618825435931473,0.30645036697387695,0.4840860962867737,False,0.4521667396935365,True,2338,True
0.3328000395757466,0.3328000395757466,0.3328000395757466,0.032421508385871545,-34.534135270653174,2.2996985931672485,164.4403776977681,8.06574134141843,0.3036339282989502,0.4945383071899414,False,0.4606410531928175,True,2340,True
,,,,,,,,0.3036339282989502,0.4945383071899414,False,0.4606410531928175,True,2342,False
0.34527494480189874,0.34527494480189874,0.34527494480189874,0.03806134144242067,-39.0537900687315,1.9396803737835686,164.28947964661302,6.735530294558763,0.30307066440582275,0.5038821995258331,False,0.4692892824594207,True,2344,True
0.20395412391794362,0.20395412391794362,0.20395412391794362,0.046013909241270086,-42.90719726794203,2.7562325002169032,164.69206501914644,10.700410104231343,0.4435327649116516,0.5091218948364258,False,0.4772558049348218,True,2346,True
0.2865157647975909,0.2865157647975909,0.2865157647975909,0.039811392975321935,-47.289612602408155,3.916868900634129,164.47313521990927,17.763785673480307,0.26500195264816284,0.518053412437439,True,0.5118046439478574,True,2348,True
0.3300999653116623,0.3300999653116623,0.3300999653116623,0.07136524388721828,-50.33174116620309,3.5432753974446447,163.73627560961936,33.27684613222017,0.26632046699523926,0.5309067964553833,True,0.5394437151582859,True,2350,True
0.37920667939142993,0.37920667939142993,0.37920667939142993,0.08070049636607773,-51.307412876586746,-172.20843924522134,157.51317229545344,40.28754178135695,0.32804960012435913,0.555837482213974,True,0.5615549721266287,True,2352,True
,,,,,,,,0.32804960012435913,0.555837482213974,True,0.5615549721266287,True,2354,False
,,,,,,,,0.32804960012435913,0.555837482213974,True,0.5615549721266287,True,2356,False
,,,,,,,,0.32804960012435913,0.555837482213974,True,0.5615549721266287,True,2358,False
0.5051874270215984,0.5051874270215984,0.5051874270215984,0.04178961713551689,-54.4202240975826,-8.093620591348557,175.27521049601935,16.807125418268985,0.3564107418060303,0.5716100037097931,False,0.5635659784432616,True,2360,True
0.4790271053929859,0.4790271053929859,0.4790271053929859,0.042721673535232124,-52.31400556479758,-3.2618637511130584,171.972108826042,13.32927217893699,0.3579474091529846,0.5807959735393524,False,0.5670119774624798,True,2362,True
,,,,,,,,0.3579474091529846,0.5807959735393524,False,0.5670119774624798,True,2364,False
0.4423042422944483,0.4423042422944483,0.4423042422944483,0.005924353215323058,-51.66472406773981,-7.004040925209498,175.4361102137154,21.801240112750758,0.2566377520561218,0.5863636434078217,True,0.5836095819699838,True,2366,True
,,,,,,,,0.2566377520561218,0.5863636434078217,True,0.5836095819699838,True,2368,False
0.4313449230468911,0.4313449230468911,0.4313449230468911,0.02151251623478168,-48.54461873976974,-5.6976734361907715,176.37577181786597,57.32411386647083,0.23062270879745483,0.5910220146179199,True,0.596887665575987,True,2370,True
,,,,,,,,0.23062270879745483,0.5910220146179199,True,0.596887665575987,True,2372,False
0.46659979000718776,0.46659979000718776,0.46659979000718776,0.005188465089403979,-51.730033742018755,177.29592479437406,169.84594999364023,29.602567365622733,0.4028112292289734,0.5934984087944031,True,0.6075101324607897,True,2374,True
0.4502558728060538,0.4502558728060538,0.4502558728060538,0.013051131846853331,-51.09301185961415,-4.363972503738689,175.39739284477332,36.62085842486552,0.24708670377731323,0.5880647599697113,True,0.6160081059686318,True,2376,True
,,,,,,,,0.24708670377731323,0.5880647599697113,True,0.6160081059686318,True,2378,False
,,,,,,,,0.24708670377731323,0.5880647599697113,True,0.6160081059686318,True,2380,False
,,,,,,,,0.24708670377731323,0.5880647599697113,True,0.6160081059686318,True,2382,False
0.3539223252672292,0.3539223252672292,0.3539223252672292,0.013806032611019533,-45.58780818785096,-4.942984671754306,175.41491096785475,31.248112491088197,0.22064828872680664,0.5868161916732788,True,0.6228064847749054,True,2384,True
0.36087941483221064,0.36087941483221064,0.36087941483221064,0.010300515180929433,-42.573281878849656,-4.267325580888848,176.15519289241186,30.301769660920595,0.23362141847610474,0.5872674584388733,True,0.6282451878199243,True,2386,True
0.37393732332680985,0.37393732332680985,0.37393732332680985,0.00805686891212404,-38.87286909847864,-2.741012298759759,174.47466824483183,37.310359623373806,0.24112194776535034,0.5890833139419556,True,0.6325961502559395,True,2388,True
0.3559067241552933,0.3559067241552933,0.3559067241552933,0.005705239681182488,-35.125441652905295,-3.0527651394585313,173.14294640873342,35.10691219514525,0.24467647075653076,0.5913648307323456,True,0.6360769202047516,True,2390,True
0.34593610420189397,0.34593610420189397,0.34593610420189397,0.00897373067110469,-33.20360999108534,-3.6481332590133007,172.59795694295448,30.381501483806964,0.2557687759399414,0.5938292741775513,True,0.6388615361638013,True,2392,True
0.32653084928722975,0.32653084928722975,0.32653084928722975,0.011261104369469484,-31.138852633439612,-3.448792825743876,171.0913399666763,19.26353866159166,0.26750659942626953,0.5961043834686279,True,0.641089228931041,True,2394,True
0.32389883909550343,0.32389883909550343,0.32389883909550343,0.006786110873775822,-29.258270581405725,-4.945348458753061,171.07192015040633,10.070215816727043,0.28187882900238037,0.5977403819561005,False,0.6324194595360529,True,2396,True
0.33541639105062493,0.33541639105062493,0.33541639105062493,0.008230937752621051,-24.523631066012044,-6.445533173883883,172.22657123506946,8.472318711389763,0.31612032651901245,0.5985065996646881,False,0.62563688756178,True,2398,True
0.3078715230307818,0.3078715230307818,0.3078715230307818,0.012271253348374919,-20.133525938783862,-8.10477605485175,171.2416583163868,12.036889522112672,0.3144482374191284,0.5975978970527649,False,0.620029089459977,True,2400,True
0.30652982543947427,0.30652982543947427,0.30652982543947427,0.010416874085617008,-15.08263310321454,-10.00689165109188,172.67274333111143,10.85101451401096,0.3375675678253174,0.5954895615577698,False,0.6151211838795356,True,2402,True
0.30022679583862666,0.30022679583862666,0.30022679583862666,0.0034908386127309697,-10.337491256666782,-10.566334595955741,174.41578847579132,10.317874864209852,0.3611997365951538,0.5920000970363617,False,0.6104969665109008,True,2404,True
0.3027787576020198,0.3027787576020198,0.3027787576020198,0.0034455916542894443,-3.0975656614585096,-11.36883609025101,175.36979751770326,3.5038544976894994,0.4552178978919983,0.5857049524784088,False,0.6055385637044024,True,2406,True
0.31680769044260515,0.31680769044260515,0.31680769044260515,0.0031782231256758113,-0.24486411938226835,-11.594304607019977,175.30654814846466,6.876049940501804,0.46105003356933594,0.5781857669353485,False,0.6000680043505917,True,2408,True
0.30907590769752924,0.30907590769752924,0.30907590769752924,0.0047384044561037085,7.589100504416487,-11.68437915714222,176.8375643913577,7.682253434794257,0.46989405155181885,0.5685424208641052,False,0.5937628876532944,True,2410,True
0.30641668713040776,0.30641668713040776,0.30641668713040776,0.008388967062544158,9.317103285153978,-11.338128071237364,176.73958426654474,3.9993817548013295,0.4727979898452759,0.5568375289440155,False,0.5863778159114387,True,2412,True
0.2969469464494898,0.2969469464494898,0.2969469464494898,0.006363074756968388,11.280451925207858,-11.177967762568862,177.70316655675967,1.7979755538395652,0.4655500054359436,0.5437242388725281,False,0.5778471005036566,True,2414,True
0.30357889051593173,0.30357889051593173,0.30357889051593173,0.0035531605781509955,12.096612344747971,-10.872541129667601,178.51406213825132,-5.279294168145165,0.45614123344421387,0.5291575193405151,False,0.5681091842710284,True,2416,True
0.3129493912125051,0.3129493912125051,0.3129493912125051,0.006721784192496662,10.873741025035812,-10.720934500018016,178.30754062933028,4.712244948932947,0.46742528676986694,0.5166264772415161,False,0.557812642865126,True,2418,True
0.3061200850606468,0.3061200850606468,0.3061200850606468,0.005233975826284765,8.98983942866868,-10.294009418323794,178.7130711660852,-12.201478383215166,0.4689400792121887,0.5021398365497589,False,0.5466780816020527,True,2420,True
0.3132457957465556,0.3132457957465556,0.3132457957465556,0.005697402377680667,11.25022296542364,-9.371915561459943,177.95923093598853,-10.410913506976552,0.46229803562164307,0.48854851722717285,False,0.5350521687270767,True,2422,True
0.3153484276345623,0.3153484276345623,0.3153484276345623,0.004403397010762565,11.366258438401037,-8.51198479167274,177.004138657839,-0.1852144128465188,0.4630172848701477,0.47817134857177734,False,0.5236760046960169,True,2424,True
0.1743348024221944,0.1743348024221944,0.1743348024221944,0.01318658563969312,14.026804354323579,-6.556258450755185,173.1122590986946,13.345455573639077,0.7855045348405838,0.4716106057167053,False,0.5760417107249304,True,2426,True
0.31066369350994255,0.31066369350994255,0.31066369350994255,0.012858196519260874,18.15113565416879,-6.278036695871708,174.9970268257172,12.317644723053728,0.45879775285720825,0.4680796265602112,False,0.5544492938919866,True,2428,True
0.34173945944016115,0.34173945944016115,0.34173945944016115,0.011048883095432518,20.74380071490805,-5.0240799916394,176.47303967756298,10.999141479645303,0.4465259909629822,0.46565860509872437,False,0.5366911561333342,True,2430,True
0.3493890091527299,0.3493890091527299,0.3493890091527299,0.014832797157206392,20.815051646045603,-4.810047152282364,176.710986008216,11.429364436605258,0.4489951729774475,0.46309131383895874,False,0.5219711876744592,True,2432,True
0.3647254252814155,0.3647254252814155,0.3647254252814155,0.015968092016926786,20.670248626837218,-4.113415391332382,177.52228124926899,8.096814120208284,0.44775354862213135,0.45981210470199585,False,0.5095393710799665,True,2434,True
0.3531501901038929,0.3531501901038929,0.3531501901038929,0.016818576868761266,19.49111511834923,-2.9462493155773126,179.24528952482663,-3.6063237228352434,0.4512217044830322,0.45419853925704956,False,0.49847120471538314,True,2436,True
0.37058125743861414,0.37058125743861414,0.37058125743861414,0.016931410549650493,19.659421857168088,-1.7433910829954282,-179.54366564385168,6.24491557927019,0.30289506912231445,0.4445895552635193,False,0.4876948748250104,True,2438,True
0.3566536749225505,0.3566536749225505,0.3566536749225505,0.018060193239877485,17.952886508833377,-1.1026256865330246,-178.9459441981129,-0.2207835910254452,0.3056170344352722,0.43393468856811523,False,0.4769428375736314,True,2440,True
0.3636082559206255,0.3636082559206255,0.3636082559206255,0.017286076440038763,18.235504615716614,-0.6186985343246431,-178.6893841398106,4.294175616118198,0.2987476587295532,0.4255293011665344,False,0.46666013029221204,True,2442,True
0.3725704297960001,0.3725704297960001,0.3725704297960001,0.00924029701506814,19.338718339689297,-0.33717794234622006,-177.39824616997473,3.180426455751528,0.2952932119369507,0.4190853238105774,False,0.45714516899588514,True,2444,True
0.35533079986382676,0.35533079986382676,0.35533079986382676,0.008569617558139795,18.80968858660834,-0.36613583604517075,-177.7543858374991,13.666602021063103,0.2933421730995178,0.4158090353012085,False,0.4488779422569499,True,2446,True
0.359701046515667,0.359701046515667,0.359701046515667,0.008132212515933837,18.427788596406415,-0.4909265767789783,-177.88910619519024,15.574215032050123,0.28532934188842773,0.41481512784957886,False,0.44206537937547574,True,2448,True
0.3716166440338469,0.3716166440338469,0.3716166440338469,0.006507691019054685,19.350135829207595,-0.4648003358509117,-178.0204172396949,10.564209916208638,0.2862005829811096,0.41475415229797363,False,0.43660313395997535,True,2450,True
0.37863784357331415,0.37863784357331415,0.37863784357331415,0.008564273335859386,18.744097312477713,-0.5485579921655264,-178.06078153416362,10.93148046594361,0.2790369391441345,0.41565245389938354,False,0.43241299794785704,True,2452,True
0.37915045788834967,0.37915045788834967,0.37915045788834967,0.0060646165499258844,19.169164871682316,-0.6384440564544562,-177.9231008978585,19.234225983534127,0.27494674921035767,0.41800522804260254,True,0.47593039835828566,True,2454,True
0.3738946153709453,0.3738946153709453,0.3738946153709453,0.0040015943328160445,19.35100636010767,-1.1178680422923866,-177.96515512245827,11.307246461288516,0.2806910276412964,0.41984421014785767,False,0.4647131607162001,True,2456,True
0.35331520313744363,0.35331520313744363,0.35331520313744363,0.005263167520873247,18.232707271323665,-1.470741272964301,-179.48412011509393,17.23623583781988,0.2808874845504761,0.42263203859329224,False,0.45629693629161855,True,2458,True
0.3413566083385585,0.3413566083385585,0.3413566083385585,0.009879943086171978,18.238630069467273,-2.0151281787920907,-179.63666061141322,18.48350870531927,0.29439258575439453,0.42584627866744995,True,0.4950375490332949,True,2460,True
0.3132874692572391,0.3132874692572391,0.3132874692572391,0.00813718248694432,13.972768887129584,-2.200421112174854,179.8591505661537,14.914278954239471,0.4727599024772644,0.4335672855377197,False,0.4905820197220888,True,2462,True
0.3321391072753068,0.3321391072753068,0.3321391072753068,0.007146533973287698,14.408700304655174,-2.3895126945881593,179.93067645765552,21.21046340298838,0.4616960883140564,0.4429047107696533,True,0.522465615777671,True,2464,True
0.33785785126647316,0.33785785126647316,0.33785785126647316,0.0044360672529334426,12.216750284468288,-2.3044597566938294,179.5572282409585,19.93500301850515,0.45832329988479614,0.451463520526886,True,0.5479724926221369,True,2466,True
0.34903981623232927,0.34903981623232927,0.34903981623232927,0.004749909208609194,10.38195043768639,-2.6656697735328634,179.02066061121798,16.57758831237642,0.4541308879852295,0.4583427906036377,False,0.530046552218437,True,2468,True
0.3417246161263643,0.3417246161263643,0.3417246161263643,0.0036411074920086944,7.807543003008658,-2.977587542998651,178.446968019209,18.67589156521731,0.45681077241897583,0.4639192819595337,True,0.5540372417747497,True,2470,True
0.36556811533860123,0.36556811533860123,0.36556811533860123,0.007588335195833586,-3.1238408172930114,-2.7124350821098986,175.8349861163273,23.546904417793538,0.4373047947883606,0.4699746370315552,True,0.5732297934197997,True,2472,True
0.3743875512400051,0.3743875512400051,0.3743875512400051,0.010648544574873603,-9.710015338360106,-2.678060134614475,173.94758751568622,21.101053226897097,0.41889601945877075,0.4754129648208618,True,0.5885838347358399,True,2474,True
0.3756722001830571,0.3756722001830571,0.3756722001830571,0.014112834747958908,-17.285521288318996,-2.2890273112478225,172.50351523040626,18.776918578415785,0.3787490129470825,0.48032259941101074,True,0.6008670677886719,True,2476,True
,,,,,,,,0.3787490129470825,0.48032259941101074,True,0.6008670677886719,True,2478,False
0.36743165720763926,0.36743165720763926,0.36743165720763926,0.020717804040587703,-17.12102168447635,-1.787688724089732,170.59817001173283,1.070331605234233,0.42492562532424927,0.4814372658729553,False,0.5769811074055287,True,2480,True
0.34862623362951345,0.34862623362951345,0.34862623362951345,0.025777616576454623,-16.63801652774689,-1.262771900568502,166.66879018392544,4.228328476397924,0.40976274013519287,0.4813341498374939,False,0.5578517158919217,True,2482,True
0.35007435129905184,0.35007435129905184,0.35007435129905184,0.0183309175365665,-17.880998397926636,-0.6029370906613873,166.6314096925063,4.601270780805085,0.3890559673309326,0.4811006188392639,False,0.5425014964813902,True,2484,True
0.3378654655199237,0.3378654655199237,0.3378654655199237,0.01803214253407876,-17.808599760889063,-0.2742407333530059,166.7383350462951,2.4701473427917042,0.38288557529449463,0.48035842180252075,False,0.5300728815456164,True,2486,True
0.35095211998018744,0.35095211998018744,0.35095211998018744,0.01117606713354396,-21.08558568164229,0.9547504438828794,166.80815005529018,5.579462190779633,0.3557654023170471,0.4808254837989807,False,0.5202234019962892,True,2488,True
0.3392021915369855,0.3392021915369855,0.3392021915369855,0.00998382224706226,-21.945473586903635,1.2929698075310403,167.9956052715263,9.814357345000662,0.3330240249633789,0.4827454686164856,False,0.5127278153203285,True,2490,True
0.3234935252672294,0.3234935252672294,0.3234935252672294,0.008782100105569677,-22.368152987464057,1.9839324338162332,169.63529825103802,9.3226010322054,0.31989234685897827,0.48519057035446167,False,0.5072203663271552,True,2492,True
0.35096857826035016,0.35096857826035016,0.35096857826035016,0.0022592118330860152,-24.35979373041197,2.050830824933532,172.86780454648988,4.922429708087082,0.3305451273918152,0.4879230260848999,False,0.5033608982787041,True,2494,True
0.3473236845478141,0.3473236845478141,0.3473236845478141,0.004792561286462033,-25.189552899100665,2.1832177301537303,173.53289160834044,2.314506419468056,0.33236801624298096,0.4899718761444092,False,0.5006830938518452,True,2496,True
0.34617372734595214,0.34617372734595214,0.34617372734595214,0.001954193324623756,-25.397758199268754,1.8794159133977681,175.47586703876297,2.1042789501278367,0.327240526676178,0.49172306060791016,False,0.4988910872030582,True,2498,True
0.36200713000075735,0.36200713000075735,0.36200713000075735,0.0016220377511768753,-23.56962778173493,2.2390543428205416,175.64482346721888,2.109737840257683,0.3490644693374634,0.49345749616622925,False,0.49780436899569247,True,2500,True
0.34512482528009314,0.34512482528009314,0.34512482528009314,0.00307327660114225,-23.362947472051026,2.2008271480223196,175.63156118011992,1.3364779011814023,0.33941715955734253,0.49435847997665405,False,0.4971151911918848,True,2502,True
0.3609502391921305,0.3609502391921305,0.3609502391921305,0.007168037965108147,-23.757659510337948,1.7514306177738013,174.97035383208637,0.7107088544631793,0.3575991988182068,0.49523425102233887,False,0.49673900315797564,True,2504,True
0.23954528316222617,0.23954528316222617,0.23954528316222617,0.00827030854409602,-21.794349209200366,1.9027884184549877,173.09965376749236,0.27710480530821696,0.343630313873291,0.4932158589363098,False,0.4960343743136425,True,2506,True
0.2368345989428341,0.2368345989428341,0.2368345989428341,0.005033866701992036,-21.00670634413142,1.6169609197933843,173.3497869984382,3.7414503207134664,0.3315157890319824,0.4926838278770447,False,0.4953642650263229,True,2508,True
0.2909478776237183,0.2909478776237183,0.2909478776237183,0.005064906902678561,-21.425399474189586,0.8719817884022065,174.7891666712784,5.759304660435977,0.30533117055892944,0.4950096011161804,False,0.4952933322442944,True,2510,True
0.3366070624531029,0.3366070624531029,0.3366070624531029,0.0042159305486716234,-22.625629759362866,0.15167959534870434,175.88362500496672,5.26326323326172,0.32979482412338257,0.49881231784820557,False,0.49599712936507667,True,2512,True
0.3596146189710131,0.3596146189710131,0.3596146189710131,0.002651357023304878,-23.050690551056054,0.425705083631157,176.20364317228137,6.372989332488963,0.3424404263496399,0.502904623746872,False,0.49737862824143575,True,2514,True
0.34427474941611447,0.34427474941611447,0.34427474941611447,0.0089224089341579,-22.19807019471753,0.9211523586481563,175.5456192262809,5.869095440797492,0.34446072578430176,0.505706250667572,False,0.499044152726663,True,2516,True
0.3377078942429178,0.3377078942429178,0.3377078942429178,0.006752763209953149,-21.96898831752036,0.5978654031485967,176.31655301559923,3.0930417541246946,0.3424275517463684,0.5069471597671509,False,0.5006247541347606,True,2518,True
0.35917946451543165,0.35917946451543165,0.35917946451543165,0.008498390900482468,-23.60137365432083,1.4210718108650373,176.80461671771158,2.645622752578595,0.35590916872024536,0.5076512694358826,False,0.502030057194985,True,2520,True
0.3636608203948749,0.3636608203948749,0.3636608203948749,0.006121740588340841,-22.233144044164717,1.6606272767516141,177.12905734795493,2.741734309173794,0.36555731296539307,0.5076999962329865,False,0.5031640450025853,True,2522,True
0.3658708912103981,0.3658708912103981,0.3658708912103981,0.0012107964477642078,-23.280843602846677,1.6245984459515803,178.5695808287518,3.1055400482812523,0.35275131464004517,0.5075206756591797,False,0.5040353711339042,True,2524,True
0.364074038610654,0.364074038610654,0.364074038610654,0.0049997017626265,-22.452468555268098,1.518122290309398,179.33171220123293,3.1048055198285054,0.36315518617630005,0.5070032477378845,False,0.5046289464547002,True,2526,True
0.3684880132893874,0.3684880132893874,0.3684880132893874,0.0057068685442839395,-22.54227683143301,1.1288739508249255,-179.9821234478289,2.52462130212559,0.13144952058792114,0.5018783211708069,False,0.5040788213979216,True,2528,True
0.36836326858821544,0.36836326858821544,0.36836326858821544,0.00947508649468589,-24.771108457323077,1.0071119990031683,-179.01256396701703,2.7014671325242623,0.13382858037948608,0.49761539697647095,False,0.5027861365136315,True,2530,True
0.35502089595077196,0.35502089595077196,0.35502089595077196,0.004991521237753054,-24.844348571097047,0.7866030512458112,-178.87415140367594,2.5359180391290583,0.130257248878479,0.4945334196090698,False,0.5011355931327192,True,2532,True
0.36720701958744595,0.36720701958744595,0.36720701958744595,0.007779608111649704,-23.930391791526297,1.0702760879852595,-178.49139827215276,3.18318229067552,0.13260149955749512,0.49325525760650635,False,0.4995595260274766,True,2534,True
0.36591704526316027,0.36591704526316027,0.36591704526316027,0.009197883167605588,-23.821003921045058,1.1229052939843562,-178.1103902764017,4.986505712789477,0.1324813961982727,0.4935298562049866,False,0.49835359206297863,True,2536,True
0.3644109077714017,0.3644109077714017,0.3644109077714017,0.008485624084236552,-24.26381284751857,1.0681687991654616,-177.6675626858182,1.6690055281881357,0.13486415147781372,0.4943234920501709,False,0.4975475720604171,True,2538,True
0.3669194805322966,0.3669194805322966,0.3669194805322966,0.009400376308330282,-25.124681598329296,1.6048517678226395,-178.37145999396213,2.5023756770016963,0.1342349648475647,0.49585503339767456,False,0.49720906432786866,True,2540,True
0.3715904210605961,0.3715904210605961,0.3715904210605961,0.009036999697680192,-25.688996856523687,2.0456516510711835,-179.11281690696612,0.5174557553571305,0.1354900598526001,0.497444748878479,False,0.49725620123799075,True,2542,True
0.37335572410300205,0.37335572410300205,0.37335572410300205,0.007803388362028819,-24.006944311687715,2.3782434739274256,178.97819930830283,11.220482674167473,0.35111004114151,0.5058294832706451,False,0.49897085764452165,True,2544,True
0.3511764000482055,0.3511764000482055,0.3511764000482055,0.004889741132227658,-24.197134478269575,2.7075109501141754,177.0260093365928,17.263404755609294,0.3162168860435486,0.5146465599536896,False,0.5021059981063553,True,2546,True
0.34377853718709195,0.34377853718709195,0.34377853718709195,0.003704973096191758,-24.494614072414382,3.102796236236072,175.5019723857681,14.136766644737682,0.312155544757843,0.522246390581131,False,0.5061340766013104,True,2548,True
0.3821385694901122,0.3821385694901122,0.3821385694901122,0.009888699891307511,-22.760911234995586,2.282710228051149,175.94539336686844,12.186455752579324,0.36287790536880493,0.5289663672447205,False,0.5107005347299924,True,2550,True
0.37429416891576583,0.37429416891576583,0.37429416891576583,0.012819081101126803,-20.06211672571583,1.3795040187619882,175.50710459552593,14.737783010000397,0.3718412518501282,0.5344474017620087,False,0.5154499081363957,True,2552,True
0.3798073033322127,0.3798073033322127,0.3798073033322127,0.011081777388638294,-18.97836141978683,0.4953280197112146,174.3876999082514,20.735350366012298,0.3652886748313904,0.5397210419178009,True,0.5423599265091166,True,2554,True
0.35768118919693864,0.35768118919693864,0.35768118919693864,0.013055818970103243,-14.940496500359947,-0.5513816851967493,172.52936311596102,20.125701770129105,0.37972038984298706,0.5434122979640961,True,0.5638879412072932,True,2556,True
0.34400101132941907,0.34400101132941907,0.34400101132941907,0.011772411491374191,-11.736625185818868,-2.4815677299149264,172.06935040014577,7.574088524332453,0.4169777035713196,0.5436669588088989,False,0.5598437447276144,True,2558,True
0.3556663315626887,0.3556663315626887,0.3556663315626887,0.01362642476788068,-8.16637778330401,-3.9702449416472736,172.7436950660665,19.00654237379576,0.4261622428894043,0.5445983707904816,True,0.5778749957820916,True,2560,True
0.33728584280804175,0.33728584280804175,0.33728584280804175,0.01103544748518978,-7.2570553412189565,-5.331039694955198,172.16700525374017,15.797909705262764,0.42235976457595825,0.5440268218517303,False,0.5711053609960194,True,2562,True
0.3356095063535597,0.3356095063535597,0.3356095063535597,0.003144891257740396,-7.56135332028454,-6.374796743897941,171.60653339388554,13.459391772581464,0.40804964303970337,0.5423466563224792,False,0.5653536200613114,True,2564,True
0.32537515227221325,0.32537515227221325,0.32537515227221325,0.004305135698990736,-4.078272982221058,-7.2302736300400925,173.20445917028957,13.31397378241238,0.4373852610588074,0.5395784676074982,False,0.5601985895705488,True,2566,True
0.3351801131544615,0.3351801131544615,0.3351801131544615,0.0025298861120081843,-3.130551990837857,-7.006822733641301,174.43871552313857,8.874281296320557,0.4513447880744934,0.5354704260826111,False,0.5552529568729613,True,2568,True
0.34966248179954296,0.34966248179954296,0.34966248179954296,0.011033892658329653,-9.630401810287964,-6.454786205148043,175.06401658194397,9.89943437047616,0.4262477159500122,0.5313114523887634,False,0.5504646559761217,True,2570,True
0.3119659839131631,0.3119659839131631,0.3119659839131631,0.009039492630629071,-9.693594681577373,-5.90849503560798,175.9445246865025,7.193500966381171,0.39967119693756104,0.5256595611572266,False,0.5455036370123427,True,2572,True
0.31292221596241454,0.31292221596241454,0.31292221596241454,0.007002924932112663,-11.2883424651287,-5.6994940392087,177.26490999313918,5.282160768571354,0.38777869939804077,0.5197562277317047,False,0.5403541551562152,True,2574,True
0.28059442258664513,0.28059442258664513,0.28059442258664513,0.005762494390599946,-12.522568726416141,-5.371841777916497,177.9985820908323,12.88852134307389,0.3389037251472473,0.5152865946292877,False,0.5353406430508297,True,2576,True
0.21050465311901168,0.21050465311901168,0.21050465311901168,0.006405735783932653,-14.070246194158695,-4.819030612257449,179.0547438032599,18.090968770034475,0.4189305305480957,0.512019008398056,True,0.5582725144406638,True,2578,True
0.19641205280963836,0.19641205280963836,0.19641205280963836,0.010541937821830953,-10.742431553697426,-4.819270305180014,179.22914581610695,20.92110600262581,0.5531533658504486,0.5108526647090912,True,0.5766180115525311,True,2580,True
0.2775930466755679,0.2775930466755679,0.2775930466755679,0.010414969007672673,-1.8262276745381207,-4.552666515070732,-177.80525887318686,18.995005836732368,0.1810348629951477,0.5082424879074097,True,0.5912944092420249,True,2582,True
0.3131713764833157,0.3131713764833157,0.3131713764833157,0.012438178787697918,-1.3854479737919816,-4.203640123030706,-176.40619982974286,20.675654172393777,0.16045379638671875,0.5061340928077698,True,0.60303552739362,True,2584,True
0.33356360965860465,0.33356360965860465,0.33356360965860465,0.01303894424064294,-6.039962993022179,-3.9803637968644208,-176.86606262889825,17.010873081312273,0.13852441310882568,0.5044088959693909,False,0.5833102011087742,True,2586,True
0.3583165171740139,0.3583165171740139,0.3583165171740139,0.011720748856729161,-3.9011869760345386,-4.305240804607157,-176.1077303483055,21.298397079735015,0.1415719985961914,0.5032895505428314,True,0.5966481608870193,True,2588,True
0.3517166874388873,0.3517166874388873,0.3517166874388873,0.009292941868553901,-4.487529240562602,-4.381919803581433,-175.76065478998962,16.879796813351998,0.13850939273834229,0.5021602809429169,False,0.5777505848981989,True,2590,True
0.35670250689698785,0.35670250689698785,0.35670250689698785,0.013516055550119692,-7.7243191714508095,-4.2134040837590705,-175.99983470276183,17.090696568913287,0.13728326559066772,0.5015734136104584,False,0.5625151506406508,True,2592,True
0.3430295756003394,0.3430295756003394,0.3430295756003394,0.01610466175436958,-16.434300593609457,-3.730986513440147,-176.85928533004557,18.63120320323097,0.13005465269088745,0.5021758377552032,True,0.5800121205125207,True,2594,True
0.34973086696745204,0.34973086696745204,0.34973086696745204,0.015673145300353863,-8.164752935399255,-3.4579102838555213,-176.125609466609,20.147994759972992,0.13760626316070557,0.5037854611873627,True,0.5940096964100166,True,2596,True
0.35061764264805817,0.35061764264805817,0.35061764264805817,0.01219903960813599,-11.02041581163373,-3.2655906029249313,-175.73680610975825,21.07111404608174,0.13127422332763672,0.5063029527664185,True,0.6052077571280132,True,2598,True
0.2672709862782552,0.2672709862782552,0.2672709862782552,0.011218375708324742,-12.301130348012432,-2.809397875504282,-176.08424532902387,25.320019121730475,0.15480029582977295,0.509416788816452,True,0.6141662057024107,True,2600,True
0.18194085771302287,0.18194085771302287,0.18194085771302287,0.014024405605698061,-16.87735609362786,-2.463776789102626,-176.45653369028594,22.071855491458432,0.6673224866390228,0.5131763219833374,True,0.6247974618897332,True,2602,True
0.14346177703851637,0.14346177703851637,0.14346177703851637,0.012723396235962943,-15.50991570917531,-1.434118818398048,-176.77978088066163,22.55176346850053,0.8579812347888947,0.5186031460762024,True,0.6714342164695655,True,2604,True
0.21839444935791014,0.21839444935791014,0.21839444935791014,0.014271805663978662,-18.40082968443387,-0.8807944112191773,-175.83191160331344,26.952526874221412,0.35926514863967896,0.5274115800857544,True,0.6671473731756524,True,2606,True
0.15306795968975528,0.15306795968975528,0.15306795968975528,0.014597397032704056,-17.117365259543273,0.4095121364351213,-176.3317824320521,25.791005719576976,0.8203159123659134,0.5362452566623688,True,0.6977810810137046,True,2608,True
0.0861221297352773,0.0861221297352773,0.0861221297352773,0.012523840408003533,-14.090121549550307,0.8854153754495758,-176.68576426191132,28.136082318773646,0.9444858878850937,0.5449075996875763,True,0.7471220423879824,True,2610,True
0.08690900279475011,0.08690900279475011,0.08690900279475011,0.01213821532456191,-11.50428438866841,1.7169914801464645,-176.38173427185168,32.59091364234264,0.9439319632947445,0.5545503497123718,True,0.7864840265693349,True,2612,True
0.13581826489148874,0.13581826489148874,0.13581826489148874,0.009511160225419662,-14.674055346901573,2.7223578401885655,-175.52093580503345,30.367303199580014,0.8715652674436569,0.5652281045913696,True,0.8035002747441994,True,2614,True
0.09507626179994624,0.09507626179994624,0.09507626179994624,0.01607447950702751,-14.950831612670212,2.8987308079245295,-175.66697149959163,26.593945275913217,0.9361590445041656,0.5738231241703033,True,0.8300320286961926,True,2616,True
0.0443895198438212,0.0443895198438212,0.0443895198438212,0.01891293867523124,-14.399526485496759,2.1597300146499623,-172.3743546366673,30.996807529616813,0.9723669234663248,0.5803264379501343,True,0.858499007650219,True,2618,True
0.0841219497540873,0.0841219497540873,0.0841219497540873,0.017835875279235525,-13.758256384705728,1.0293631521930011,-170.0350119859992,38.84356954487115,0.9451862759888172,0.5880824029445648,True,0.8758364613179388,True,2620,True
,,,,,,,,0.9451862759888172,0.5880824029445648,True,0.8758364613179388,True,2622,False
,,,,,,,,0.9451862759888172,0.5880824029445648,True,0.8758364613179388,True,2624,False
,,,,,,,,0.9451862759888172,0.5880824029445648,True,0.8758364613179388,True,2626,False
,,,,,,,,0.9451862759888172,0.5880824029445648,True,0.8758364613179388,True,2628,False
,,,,,,,,0.9451862759888172,0.5880824029445648,True,0.8758364613179388,True,2630,False
,,,,,,,,0.9451862759888172,0.5880824029445648,True,0.8758364613179388,True,2632,False
,,,,,,,,0.9451862759888172,0.5880824029445648,True,0.8758364613179388,True,2634,False
,,,,,,,,0.9451862759888172,0.5880824029445648,True,0.8758364613179388,True,2636,False
,,,,,,,,0.9451862759888172,0.5880824029445648,True,0.8758364613179388,True,2638,False
,,,,,,,,0.9451862759888172,0.5880824029445648,True,0.8758364613179388,True,2640,False
0.33122717703255145,0.33122717703255145,0.33122717703255145,0.009699861301265534,1.0473458806945903,-3.7174226802168673,-178.9645252454969,-19.00598266644798,0.22350114583969116,0.5970084965229034,True,0.8306691690543511,True,2642,True
0.320645556752417,0.320645556752417,0.320645556752417,0.008022226223926933,-10.8110114112154,-4.152803312918423,176.8644617146915,0.3627725389672967,0.4128592610359192,0.6015674769878387,False,0.7848488306410486,True,2644,True
0.3319388016506687,0.3319388016506687,0.3319388016506687,0.004447889600694604,4.423191861468512,-5.754689516325671,172.8537729074802,-3.303494245172017,0.46973007917404175,0.6018931567668915,False,0.7482576958662173,True,2646,True
0.33380275847392094,0.33380275847392094,0.33380275847392094,0.012707839985135035,1.2110561071324628,-6.4594103553428575,171.88007590571337,-4.952031512153375,0.4752284288406372,0.5966977477073669,False,0.7179457062344472,True,2648,True
0.3384795457754277,0.3384795457754277,0.3384795457754277,0.01359836690759976,0.07019513195531969,-6.453018217884347,170.6947887249033,-6.459192147260232,0.4748612642288208,0.5862618982791901,False,0.6916089446433958,True,2650,True
0.31472953583027846,0.31472953583027846,0.31472953583027846,0.009996545926748118,-3.0098157390650155,-7.594680054398583,170.17385501451528,-7.082873311810862,0.47862619161605835,0.5716962516307831,False,0.6676264060408733,True,2652,True
0.34951832690564916,0.34951832690564916,0.34951832690564916,0.011390978923767303,-7.544776070324873,-7.2554982710889275,170.66394217414327,-6.563366730601778,0.46497029066085815,0.55586376786232,False,0.6452738784051627,True,2654,True
0.3945709184207921,0.3945709184207921,0.3945709184207921,0.007728931697694513,-10.742548573875009,-5.393840495443184,168.2976710449523,8.346732509522978,0.42777854204177856,0.5435386300086975,False,0.6249268287258697,True,2656,True
,,,,,,,,0.42777854204177856,0.5435386300086975,False,0.6249268287258697,True,2658,False
0.3375771031032362,0.3375771031032362,0.3375771031032362,0.028715052746237795,-13.0288289313767,-1.804568188974135,170.81149470388166,10.453302593949756,0.4246513247489929,0.5323560833930969,False,0.6064126796593151,True,2660,True
0.35265735382480823,0.35265735382480823,0.35265735382480823,0.0013194738207034594,-9.482184773595236,-0.8406843613097537,169.18880717674574,4.821291563270175,0.4305359721183777,0.5218468606472015,False,0.5894995158568924,True,2662,True
0.3315110056915406,0.3315110056915406,0.3315110056915406,0.009833250860875106,-6.90543944627449,-0.7658430628576502,170.20641887988995,-1.860606054495074,0.46561527252197266,0.5106722712516785,False,0.5737340669358497,True,2664,True
0.35266516350358,0.35266516350358,0.35266516350358,0.007814291419113998,-5.4674337936168795,-0.4236718570548519,171.08339011510222,-3.751325520410141,0.4674713611602783,0.5002814829349518,False,0.5590435501356702,True,2666,True
0.3306444220106124,0.3306444220106124,0.3306444220106124,0.006642768707208994,-0.47194184976854375,-0.847133460537302,171.60668173041884,-1.6339430927497909,0.4769477844238281,0.4909628629684448,False,0.5454274127022252,True,2668,True
0.31688870207583375,0.31688870207583375,0.31688870207583375,0.006393289455589912,0.5979471619630122,-0.9118652118815183,171.772776668716,3.90233527530262,0.47912269830703735,0.4840586185455322,False,0.5331536538708865,True,2670,True
0.319157202464848,0.319157202464848,0.319157202464848,0.0028310783125079283,-0.28576341428609514,-1.129392848810993,171.11488625431704,2.5945330368069337,0.4755358099937439,0.47844672203063965,False,0.5222122675028372,True,2672,True
0.3208601562395553,0.3208601562395553,0.3208601562395553,0.004024559834653129,0.5209689228845419,-2.2591725278578534,171.06778795613917,1.5598179887733101,0.47582685947418213,0.4737513065338135,False,0.5129351858971063,True,2674,True
0.32876197146405134,0.32876197146405134,0.32876197146405134,0.05286347259565154,4.550748205160974,-4.421840372147501,173.93782748058197,-5.306255168086924,0.49475961923599243,0.4685990810394287,False,0.5093000725648835,True,2676,True
0.35575704422434573,0.35575704422434573,0.35575704422434573,0.06666622286765965,-0.4715471926958574,-5.232157891785201,173.92814690109415,-5.5847257743958725,0.49837660789489746,0.46408891677856445,False,0.5071153796308864,True,2678,True
0.3479388245882522,0.3479388245882522,0.3479388245882522,0.02469332823700077,1.3777245552360593,-6.595151050725218,174.5642946439815,-3.8787238231726002,0.47386598587036133,0.4600237011909485,False,0.5004655008787814,True,2680,True
0.3299195738436371,0.3299195738436371,0.3299195738436371,0.008475816937249164,7.378549818604641,-8.235486705915909,173.65291029511525,-3.8039479579465487,0.46898776292800903,0.45639216899871826,False,0.49416995328862695,True,2682,True
0.3404047175453613,0.3404047175453613,0.3404047175453613,0.012399900113619378,10.113051214947001,-9.57677628694133,174.03703404472827,-2.5959054376039945,0.46214598417282104,0.4537956118583679,False,0.48776515946546584,True,2684,True
0.32937849960956234,0.32937849960956234,0.32937849960956234,0.08061639703116323,10.528311745207535,-10.620929963965793,172.75698687209658,4.368711388447452,0.5030061602592468,0.45318925380706787,False,0.490813359624222,True,2686,True
0.3349898390964222,0.3349898390964222,0.3349898390964222,0.10280318210291191,10.469470666329123,-12.190219078124537,172.948909225058,-2.938190097218499,0.5100135207176208,0.45188307762145996,False,0.4946533918429018,True,2688,True
0.338307474094433,0.338307474094433,0.338307474094433,0.01520481614849371,9.598029461792965,-13.012917394190277,174.0462442357869,-0.31247218112319636,0.46250778436660767,0.45069271326065063,False,0.48822427034764304,True,2690,True
0.3405512505155779,0.3405512505155779,0.3405512505155779,0.014360050279267251,7.206052348418172,-13.701384944169892,173.97978852317934,0.4381918084533132,0.46182990074157715,0.45004528760910034,False,0.48294539642642986,True,2692,True
0.352160776924892,0.352160776924892,0.352160776924892,0.035335567505653635,7.990157282570316,-14.55153584108642,173.8307460370173,-0.8874235239972589,0.4664618968963623,0.4495379328727722,False,0.4796486965204164,True,2694,True
0.3522635998007442,0.3522635998007442,0.3522635998007442,0.03855242554356747,11.379839605397487,-15.030508845129145,174.05425681697724,-3.617552102165421,0.46633124351501465,0.4484393000602722,False,0.4769852059193361,True,2696,True
0.34416373636959197,0.34416373636959197,0.34416373636959197,0.06030695082891752,13.422108166225543,-15.557121499942257,174.56237801741528,-2.643189385510011,0.47976988554000854,0.44742995500564575,False,0.47754214184347055,True,2698,True
0.35163211298836466,0.35163211298836466,0.35163211298836466,0.026615682764472424,15.828594740351114,-16.29923916546796,176.70069815297683,6.340381620135644,0.45386236906051636,0.44793373346328735,False,0.47280618728687973,True,2700,True
0.35143313379395613,0.35143313379395613,0.35143313379395613,0.015545249474015359,18.99231894929897,-16.466370026650004,178.7499651471006,4.5062152036149214,0.44450080394744873,0.4482871890068054,False,0.4679023876308649,True,2702,True
,,,,,,,,0.44450080394744873,0.4482871890068054,False,0.4679023876308649,True,2704,False
0.36760661850493737,0.36760661850493737,0.36760661850493737,0.03625784647491673,19.945492536509054,-16.3223126149196,179.56568154030072,-3.756413572326232,0.4527639150619507,0.44702738523483276,False,0.46487469311708207,True,2706,True
0.3669676446027393,0.3669676446027393,0.3669676446027393,0.030388173667869462,22.27483030486704,-16.03442516241495,178.94478143203204,-5.981845905894149,0.443733811378479,0.4445919394493103,False,0.46081814238352775,True,2708,True
0.3581069865783429,0.3581069865783429,0.3581069865783429,0.036587988964477985,20.866261200001187,-16.757520805786815,177.75576581962935,-6.685607107278318,0.44885629415512085,0.441805899143219,False,0.4584257727378464,True,2710,True
0.36018390277129175,0.36018390277129175,0.36018390277129175,0.025674198230706415,20.424019242713477,-17.343947396861385,178.3046624106196,-0.2517442166582678,0.4453551769256592,0.4401148557662964,False,0.455811653575409,True,2712,True
0.3638074642451444,0.3638074642451444,0.3638074642451444,0.020529251639741244,19.554245185861035,-17.628382239846744,178.59569713045323,-4.4567554237451175,0.44386571645736694,0.43813520669937134,False,0.4534224661518006,True,2714,True
0.34510885898247134,0.34510885898247134,0.34510885898247134,0.03572972211567309,19.336884949461417,-17.389183139047905,178.4351685239913,-7.9654771468222325,0.45081406831741333,0.4357362985610962,False,0.45290078658492317,True,2716,True
0.19212157236057711,0.19212157236057711,0.19212157236057711,0.10034625470674031,13.897446993602461,-17.503759481138477,174.6826183498153,-6.889107959981267,0.7405279278755188,0.4338669776916504,False,0.5104262148430423,True,2718,True
0.22357351083852112,0.22357351083852112,0.22357351083852112,0.07973069313591388,11.531892369020705,-16.65518399881058,175.03103437264102,-3.3114626249866492,0.6132633984088898,0.43374747037887573,False,0.5309936515562118,True,2720,True
0.2571639222299856,0.2571639222299856,0.2571639222299856,0.09131192039712857,7.1930599677001075,-14.885440225418266,174.5100378990191,-6.357301039253972,0.5208846628665924,0.433785080909729,False,0.5289718538182879,True,2722,True
0.291749334444696,0.291749334444696,0.291749334444696,0.08683808856831628,5.248297937694809,-13.113223444262037,174.00763645158196,-10.126351217789196,0.5125783681869507,0.43319272994995117,False,0.5256931566920205,True,2724,True
0.3031841027185229,0.3031841027185229,0.3031841027185229,0.09196050915429232,1.0751841222173224,-10.575774444054252,172.92697144938006,-11.683174419647845,0.5246274173259735,0.43187063932418823,False,0.5254800088188112,True,2726,True
0.3129997746432641,0.3129997746432641,0.3129997746432641,0.08494013865705106,-4.743977528005326,-9.070914249823947,172.57230003380232,-11.829638444779526,0.5259563624858856,0.4301580786705017,False,0.5255752795522262,True,2728,True
0.3051697896921537,0.3051697896921537,0.3051697896921537,0.1271945422652409,-4.442340789439901,-7.913964195551035,173.09106965159611,-10.450681463896865,0.542855978012085,0.42888689041137695,False,0.5290314192441979,True,2730,True
0.32390260668835624,0.32390260668835624,0.32390260668835624,0.1279989340915476,-5.448509277668779,-7.19531338411466,173.0051308273903,-5.891020297763715,0.5404199361801147,0.4289015531539917,False,0.5313091226313813,True,2732,True
0.307070316598393,0.307070316598393,0.307070316598393,0.1316707121674689,-8.154828879504276,-5.9945138721750375,172.9575180248892,-7.089069379333118,0.5471253991127014,0.4291844367980957,False,0.5344723779276453,True,2734,True
,,,,,,,,0.5471253991127014,0.4291844367980957,False,0.5344723779276453,True,2736,False
0.3271175036898585,0.3271175036898585,0.3271175036898585,0.12473956806744438,-5.735106670544341,-4.2978486711786745,173.0215424274865,-5.339578107376065,0.5393869280815125,0.43030792474746704,False,0.5354552879584188,True,2738,True
0.31629018059521175,0.31629018059521175,0.31629018059521175,0.10194611240517662,-16.58246489646318,-2.5424251595583316,173.16667880470203,3.237857544736368,0.5033498406410217,0.4332490563392639,False,0.5290341984949394,True,2740,True
0.3298684806805335,0.3298684806805335,0.3298684806805335,0.09698317456139725,-20.859470710267896,-1.2991572597628744,172.0593500483351,2.6615958211820163,0.48862218856811523,0.43730276823043823,False,0.5209517965095746,True,2742,True
0.3312832511482308,0.3312832511482308,0.3312832511482308,0.11461675785078695,-23.305726056470064,-0.3430458816229971,171.8510316727357,2.5430246579996383,0.5036763548851013,0.44227534532546997,False,0.51749670818468,True,2744,True
0.325841186578895,0.325841186578895,0.325841186578895,0.0993627936529944,-23.992133240717667,-0.039828146177476986,173.00103042933526,3.727113806569893,0.47092050313949585,0.4482419490814209,False,0.5081814671756432,True,2746,True
0.3300646519447856,0.3300646519447856,0.3300646519447856,0.07222940576117695,-24.945167391418625,0.25145912871223136,174.25312149679885,4.31688631296781,0.42226487398147583,0.4550735354423523,False,0.49755988082898506,True,2748,True
0.33660412197084905,0.33660412197084905,0.33660412197084905,0.08251423387522601,-25.804158933883034,0.1381242929134732,175.09579284412678,4.7040166969992505,0.44232702255249023,0.4625481367111206,False,0.4905575320054122,True,2750,True
0.33743975438764995,0.33743975438764995,0.33743975438764995,0.0344442063458759,-24.775560960684498,0.585957448055225,174.69540768556837,6.537103727649335,0.3645758628845215,0.4703831672668457,False,0.4865226590576989,True,2752,True
0.38883139652404275,0.38883139652404275,0.38883139652404275,0.03963569251772364,-23.835577396605395,1.7699611464553806,174.01775353759416,7.158198249751784,0.4266287684440613,0.4787600636482239,False,0.48497013997580396,True,2754,True
0.39081155391736205,0.39081155391736205,0.39081155391736205,0.043599525459342425,-24.772716977887562,4.119767865394908,173.04669464292834,9.759325174170991,0.42541271448135376,0.48653173446655273,False,0.4852824588739537,True,2756,True
0.38317024039016045,0.38317024039016045,0.38317024039016045,0.09607161697168679,-27.255827996856073,5.0825006354401925,173.86311783738302,9.264790554026932,0.4915638566017151,0.49298322200775146,False,0.4868226115007133,True,2758,True
0.385534394723292,0.385534394723292,0.385534394723292,0.1135691701533113,-29.623451543236694,5.481074874953057,174.69740670334042,11.784181197248108,0.50269815325737,0.49911630153656006,False,0.48999771985204466,True,2760,True
0.3835082159766544,0.3835082159766544,0.3835082159766544,0.09449816454960192,-30.4357852435562,5.1146685540237895,175.55646878629057,11.393988361915293,0.46872538328170776,0.5048174560070038,False,0.4929616670830365,True,2762,True
0.38121323751825964,0.38121323751825964,0.38121323751825964,0.060817574797523796,-29.79177444722109,4.987827599044327,175.55199729267244,7.093277637776208,0.427460253238678,0.5092700719833374,False,0.4962233480630967,True,2764,True
0.33160313533659524,0.33160313533659524,0.33160313533659524,0.08246255770933474,-25.596794169591945,4.425465672870472,174.58773704739818,5.856337565587425,0.4356998801231384,0.511625349521637,False,0.4993037483548048,True,2766,True
0.19730696630711014,0.19730696630711014,0.19730696630711014,0.17773824574475258,-14.114339941683594,0.3476500204174742,174.24337194223986,7.503467592525758,0.7421528100967407,0.5107700824737549,False,0.547873560703192,True,2768,True
,,,,,,,,0.7421528100967407,0.5107700824737549,False,0.547873560703192,True,2770,False
0.35500223973199513,0.35500223973199513,0.35500223973199513,0.19848963894810462,-2.8993158337633735,-5.272586332472985,-179.64501685151816,-4.2185725258673035,0.45897597074508667,0.5073830783367157,False,0.5397754642298968,True,2772,True
0.33293381910585584,0.33293381910585584,0.33293381910585584,0.19234300715738126,-10.489211148548504,-5.473294393582578,-178.08996481389227,2.446322833025982,0.4314947724342346,0.5045990645885468,False,0.5327401843016268,True,2774,True
0.3253207441272309,0.3253207441272309,0.3253207441272309,0.14422311326569093,-9.999769543971514,-6.886829328770709,-176.74546781856768,-0.6279958616971532,0.3408429026603699,0.5015802383422852,False,0.5265081951097585,True,2776,True
,,,,,,,,0.3408429026603699,0.5015802383422852,False,0.5265081951097585,True,2778,False
0.3687655382988788,0.3687655382988788,0.3687655382988788,0.08686797771206259,-25.09915860175327,-8.612216383534651,-179.31165776153077,-9.268945433611014,0.23855280876159668,0.4990171790122986,False,0.5210099918902666,True,2780,True
0.35012962564631167,0.35012962564631167,0.35012962564631167,0.017847146598109744,-13.837306491201286,-9.930490407493474,-177.16927477372437,-0.636745848289623,0.1493656039237976,0.4973248839378357,False,0.5162729702997805,True,2782,True
0.33233857661558197,0.33233857661558197,0.33233857661558197,0.07913726257403275,10.831711142915223,-9.640472577952673,-178.0272123994624,-1.5486690440352966,0.3400476574897766,0.4951487183570862,False,0.5120481199112417,True,2784,True
0.3585610492699673,0.3585610492699673,0.3585610492699673,0.06284866570703206,15.556165849728865,-10.605642869746482,-178.08233215733196,-2.212184270219064,0.34039485454559326,0.492253839969635,False,0.5080892639229204,True,2786,True
0.35038076345186664,0.35038076345186664,0.35038076345186664,0.1327027708724733,17.55724653877873,-10.96525427069353,-179.84531103305707,-3.0027230434675163,0.4380549192428589,0.488376259803772,False,0.5041466630990907,True,2788,True
0.3428106297556716,0.3428106297556716,0.3428106297556716,0.24979108921023493,-23.68480163689983,-9.799930361320792,-179.9803943912164,-2.9402042510792303,0.5332304835319519,0.4868096113204956,False,0.509963427185663,True,2790,True
0.27395141912330556,0.27395141912330556,0.27395141912330556,0.18611589865471379,-22.274420354517652,-7.458963313450888,-177.38408905277927,-4.123332354750026,0.5597902834415436,0.4839138984680176,False,0.5199287984368391,True,2792,True
0.236278422625254,0.236278422625254,0.236278422625254,0.1871492402213254,-20.136369695374377,-5.120671753356238,-175.93306759620188,-5.005561455403417,0.7158413529396057,0.48205435276031494,False,0.5591113093373925,True,2794,True
0.31506243795067157,0.31506243795067157,0.31506243795067157,0.21250500785281018,6.6748424126296175,-4.400470927831681,-173.95835751406986,-3.712822345586278,0.5122984945774078,0.4819590449333191,False,0.5497487463853956,True,2796,True
0.3563298266828434,0.3563298266828434,0.3563298266828434,0.1490116684042567,-21.169431484823484,-4.556498091299835,-176.31904406730757,-11.466122961707338,0.3606484532356262,0.48129165172576904,False,0.5360573274534703,True,2798,True
0.34978603936306285,0.34978603936306285,0.34978603936306285,0.02509825370700711,-24.791215016604824,-5.440964760143088,-177.25044274891013,-2.6176505713881033,0.1528160572052002,0.4811960458755493,False,0.5250850711378862,True,2800,True
0.32855997142344945,0.32855997142344945,0.32855997142344945,0.04028567086228296,-22.91436218964761,-6.2167639934509875,-176.6936907193328,-0.4427140707453151,0.1663389801979065,0.48262715339660645,False,0.5165934875896303,True,2802,True
0.3288840063606704,0.3288840063606704,0.3288840063606704,0.04781030589416403,-25.266887981059327,-8.003603662624963,-177.47723126620073,-0.5791309561163623,0.17143666744232178,0.4853934645652771,False,0.5103534829847597,True,2804,True
0.3428791643757617,0.3428791643757617,0.3428791643757617,0.038288727981637426,-22.89889193405942,-9.025792716820847,-178.97230025889118,-0.7870372460449104,0.16300338506698608,0.48917078971862793,False,0.5061169443315334,True,2806,True
0.35647043760905056,0.35647043760905056,0.35647043760905056,0.051776322653082664,-18.95095531148741,-10.064874002407837,178.98059695708378,-0.3448065065344543,0.4634813666343689,0.49742406606674194,False,0.5043783686785752,True,2808,True
0.33771705500152505,0.33771705500152505,0.33771705500152505,0.11938887664409685,-8.777874612723823,-10.742801220125523,174.35069597903333,-2.3096565692213478,0.5345877110958099,0.5051391422748566,False,0.5104202371620221,True,2810,True
0.3481581756626909,0.3481581756626909,0.3481581756626909,0.03149095999705471,-10.946560604647189,-11.849439559461134,174.46436280750007,4.680666724278748,0.4532542824745178,0.5126827955245972,False,0.5108727488345371,True,2812,True
0.3238039876227202,0.3238039876227202,0.3238039876227202,0.016493174660204352,-13.027604511517117,-13.628650665534266,173.59676612787104,1.8755213959671677,0.39750003814697266,0.5175531804561615,False,0.5122088351588621,True,2814,True
,,,,,,,,0.39750003814697266,0.5175531804561615,False,0.5122088351588621,True,2816,False
0.38174241021049804,0.38174241021049804,0.38174241021049804,0.026127158867062343,-9.898536793246176,-14.079321171983475,171.1263538871364,-4.630822692206607,0.46449410915374756,0.5196300745010376,False,0.5136930830272972,True,2818,True
0.3369333526714001,0.3369333526714001,0.3369333526714001,0.03541533486364901,-12.680643790318854,-14.138465928464989,167.90705658519352,0.24937367645053635,0.44611823558807373,0.5200218558311462,False,0.514958837588067,True,2820,True
0.333295909346634,0.333295909346634,0.333295909346634,0.0946153491960779,-11.466438570531343,-14.409598587394257,166.65851731334357,-0.0938906754197845,0.521308571100235,0.5190511345863342,False,0.5162287842905007,True,2822,True
0.3433930072862221,0.3433930072862221,0.3433930072862221,0.13637074808546928,-11.674070025493979,-13.599551379745197,166.7256143702763,-1.1231036045526166,0.5441170036792755,0.5171894133090973,False,0.5218064281682557,True,2824,True
0.3491688380920508,0.3491688380920508,0.3491688380920508,0.09435972139751252,-9.770422683261563,-13.25065830424306,167.03947187687785,-0.9760590270250055,0.5206447243690491,0.5147078931331635,False,0.5215740874084145,True,2826,True
0.333177577855528,0.333177577855528,0.333177577855528,0.04370522317467862,-9.971084812622964,-13.135710579566002,167.86695951069999,-0.9659521127416683,0.478748083114624,0.5115391314029694,False,0.5195670962073256,True,2828,True
0.2945687347310647,0.2945687347310647,0.2945687347310647,0.03883254815422375,-8.460617033415643,-13.597595544353608,166.29262254757674,0.6545427885856777,0.4448302388191223,0.5079565942287445,False,0.5172449958116094,True,2830,True
0.3193064342604037,0.3193064342604037,0.3193064342604037,0.01670059041860563,-7.693952547260372,-13.842653370285309,164.87683186231138,0.3973286706768085,0.43392711877822876,0.5049750208854675,False,0.5147910008263811,True,2832,True
0.29438524029259194,0.29438524029259194,0.29438524029259194,0.034689531024663524,-7.416437095920138,-12.845983793386537,165.31518877404352,-4.215669229689064,0.4591626524925232,0.5006868839263916,False,0.5119701774463832,True,2834,True
0.31403255756193493,0.31403255756193493,0.31403255756193493,0.04305376155925009,-11.878643344524022,-13.72871027465422,167.32625051031437,-3.661754419030659,0.45344722270965576,0.4970328211784363,False,0.5089827061927938,True,2836,True
0.32777341299632085,0.32777341299632085,0.32777341299632085,0.004546788156436361,-13.501572480290006,-13.662605635763642,169.04882279444888,-8.627954708185948,0.4010871648788452,0.4928731918334961,False,0.5057608033209343,True,2838,True
0.33295993118212897,0.33295993118212897,0.33295993118212897,0.022202594202705254,-9.222145250544223,-13.006593477331077,168.48313150033184,-9.203740665638927,0.4703964591026306,0.48850828409194946,False,0.5023102994751374,True,2840,True
0.3557122476429153,0.3557122476429153,0.3557122476429153,0.04349399116222636,-8.08755603197349,-12.931732976720314,168.39492896716953,-9.691870239558428,0.49393439292907715,0.48433786630630493,False,0.5006351181659254,True,2842,True
0.3297623549068235,0.3297623549068235,0.3297623549068235,0.06411001645923521,-12.37418143442141,-12.903066156929997,172.16858500518984,-9.164318388478522,0.5095399916172028,0.4804772138595581,False,0.5024160928561809,True,2844,True
0.3227470603393372,0.3227470603393372,0.3227470603393372,0.03234035007189883,-6.212922254673585,-13.310490970077039,172.5807844449744,-8.77212879265008,0.4920574426651001,0.47687196731567383,False,0.5003443628179648,True,2846,True
0.3283313191334836,0.3283313191334836,0.3283313191334836,0.026608039826142252,-3.735319641058815,-13.367136581292884,172.42791063331634,-8.451187163252314,0.48799586296081543,0.47389185428619385,False,0.497874662846535,True,2848,True
0.3376007580031716,0.3376007580031716,0.3376007580031716,0.026318910119777963,-5.868285555432807,-13.0498631359903,172.07438726526303,-8.319483894731173,0.48699116706848145,0.47145915031433105,False,0.4956979636909243,True,2850,True
0.3509818694808804,0.3509818694808804,0.3509818694808804,0.027807374342771432,-9.381156369576944,-12.419097271990646,171.3701840641398,-10.833199027775585,0.4841136336326599,0.46886682510375977,False,0.4933810976792714,True,2852,True
0.33659498002809024,0.33659498002809024,0.33659498002809024,0.02252802861780984,-9.70463638706218,-12.445605331648705,170.50729195326173,-7.328727925993519,0.46683698892593384,0.46699464321136475,False,0.4881038067856901,True,2854,True
0.331549946831896,0.331549946831896,0.331549946831896,0.030857269416471052,-6.588631034561864,-12.787121106758628,170.7431705060441,-5.241998677319906,0.48555999994277954,0.46600204706192017,False,0.487595045417108,True,2856,True
0.3299350778015586,0.3299350778015586,0.3299350778015586,0.045426627878004895,-3.348216329103905,-13.680403929598494,170.61843717221078,-5.016569394980657,0.4946540594100952,0.4655195474624634,False,0.4890068482157055,True,2858,True
0.33552140723328305,0.33552140723328305,0.33552140723328305,0.0596083175803204,1.5813638229134481,-13.35791075487682,171.4260722219403,-3.4238117496250986,0.49421465396881104,0.4653463363647461,False,0.49004840936632665,True,2860,True
0.3494136634569221,0.3494136634569221,0.3494136634569221,0.05941016909404373,10.888370475888031,-12.130701504132306,173.41122426022778,1.124409111631571,0.48017454147338867,0.4654962420463562,False,0.4880736357877391,True,2862,True
0.36363357343878094,0.36363357343878094,0.36363357343878094,0.0497837089261521,14.800592181446756,-10.492002859433642,173.63682667082114,0.7260856528888625,0.46737122535705566,0.4648268222808838,False,0.4839331537016024,True,2864,True
0.3522068045518421,0.3522068045518421,0.3522068045518421,0.03557939221488314,15.48879466290927,-8.494613834664406,173.086600799038,-5.234433078019136,0.46588796377182007,0.4618157744407654,False,0.4803241157156459,True,2866,True
0.3325717663826182,0.3325717663826182,0.3325717663826182,0.0193055961133929,15.847716497571472,-7.53410237247836,171.67285388893413,-9.218423784995151,0.45593637228012085,0.4568895101547241,False,0.4756371946034616,True,2868,True
0.3514162892717834,0.3514162892717834,0.3514162892717834,0.018381798468616015,16.121229779416108,-7.281021773254514,170.78860360362796,-12.432724932337388,0.4576703906059265,0.4511590600013733,False,0.4720438338039546,True,2870,True
0.33759140032143303,0.33759140032143303,0.33759140032143303,0.011102201498350926,14.94794965229439,-6.543205941372237,171.81107592517262,-9.206543373947097,0.4565548300743103,0.4457966089248657,False,0.46894603305802574,True,2872,True
0.3624404661235979,0.3624404661235979,0.3624404661235979,0.013089549780089875,16.490286572459773,-6.4798890333135635,174.3874796935235,-4.040844865799109,0.4522205591201782,0.4419962763786316,False,0.4656009382704563,True,2874,True
0.360860930771152,0.360860930771152,0.360860930771152,0.014721982916256333,17.351098463543973,-6.568784443378535,174.99714585933444,-2.0604252482064767,0.4517872929573059,0.43908196687698364,False,0.46283820920782626,True,2876,True
0.359706284943597,0.359706284943597,0.359706284943597,0.011699959619881935,16.924046193797942,-6.797604415043615,174.64170536067434,-6.8347634845406455,0.45360690355300903,0.435833215713501,False,0.46099194807686283,True,2878,True
0.3749410738386011,0.3749410738386011,0.3749410738386011,0.01577076949564135,17.81712324749971,-7.262883199907048,174.28721111779055,-8.586263383904381,0.45153170824050903,0.4326635003089905,False,0.4590999001095921,True,2880,True
0.3653454365018012,0.3653454365018012,0.3653454365018012,0.017706311508434526,18.080877918705045,-7.0794243546229465,173.96394346786508,-8.506484317315408,0.45331501960754395,0.42962056398391724,False,0.4579429240091825,True,2882,True
0.35768860147252757,0.35768860147252757,0.35768860147252757,0.020296267150242735,19.211415328601298,-7.014230893147677,173.83536180834224,-7.739079983488407,0.4499737024307251,0.4270814061164856,False,0.4563490796934911,True,2884,True
0.36747236862233656,0.36747236862233656,0.36747236862233656,0.025344319390184913,18.03575540646183,-7.461034734760755,173.9599153056815,-8.90652683178471,0.45692574977874756,0.42495399713516235,False,0.4564644137105424,True,2886,True
0.3554654026276601,0.3554654026276601,0.3554654026276601,0.026497699630640935,18.302469614120433,-7.403438942404156,173.64460009982974,-5.983019939043417,0.45456463098526,0.42350059747695923,False,0.45608445716548596,True,2888,True
0.36372744542506363,0.36372744542506363,0.36372744542506363,0.025665789586977912,15.811551614846685,-6.997266787075708,173.5983455816606,-5.1057223385306765,0.45959991216659546,0.4227047562599182,False,0.4567875481657079,True,2890,True
0.3698249998389294,0.3698249998389294,0.3698249998389294,0.014752700577333414,16.360823430833534,-7.044776494927574,173.7075445781916,-3.6611444310520764,0.44971150159835815,0.4223007559776306,False,0.455372338852238,True,2892,True
0.37001685355321345,0.37001685355321345,0.37001685355321345,0.014744342430305915,15.70762803751866,-6.951363982686339,173.37634983440304,-6.588008853993645,0.4526653289794922,0.421634316444397,False,0.45483093687768883,True,2894,True
0.3644288369827552,0.3644288369827552,0.3644288369827552,0.009776602904647099,15.258558755748986,-6.8077124952331465,172.87369521966713,-8.159444089489607,0.45346856117248535,0.4206673502922058,False,0.45455846173664816,True,2896,True
0.36765366202629657,0.36765366202629657,0.36765366202629657,0.012137057901837656,14.861910758306756,-6.673524452586687,173.1749066664077,-9.75618459301023,0.4556061625480652,0.41958218812942505,False,0.45476800189893163,True,2898,True
0.35806979054754934,0.35806979054754934,0.35806979054754934,0.012298100140366397,15.678797062117269,-6.721303563848675,173.4946573146369,-11.448087418481894,0.45830047130584717,0.418281614780426,False,0.4554744957803148,True,2900,True
0.36475003327527344,0.36475003327527344,0.36475003327527344,0.021281202312909243,15.481276263162687,-6.80575334875355,173.19607872882048,-10.60909804452321,0.46170884370803833,0.41746383905410767,False,0.4567213653658595,True,2902,True
0.3613194670448728,0.3613194670448728,0.3613194670448728,0.020982045324669376,15.341713066975416,-6.754774806871607,173.09617560060073,-12.941641232785546,0.4637953042984009,0.4164313077926636,True,0.4953770922926876,True,2904,True
0.3621191864605082,0.3621191864605082,0.3621191864605082,0.011495401577759665,13.800089892025454,-6.945290228898631,172.8642515692818,-9.009995349820008,0.45702362060546875,0.41616302728652954,False,0.48770639795524384,True,2906,True
0.36490014814494925,0.36490014814494925,0.36490014814494925,0.01628037998858687,14.027578516207532,-7.009452789964742,173.73498488588922,-8.169308694438145,0.4580455422401428,0.41639649868011475,False,0.48177422681222365,True,2908,True
0.21232534022399047,0.21232534022399047,0.21232534022399047,0.07485731746869237,12.419609312433447,-6.94796258655032,170.38361250224787,-9.091920681213091,0.6381119191646576,0.41642653942108154,False,0.5130417652827105,True,2910,True
0.20950220010794457,0.20950220010794457,0.20950220010794457,0.13428874035163207,11.35020178745049,-6.856795979328071,170.065042188657,-8.3382072013772,0.678169310092926,0.41821110248565674,False,0.5460672742447537,True,2912,True
0.24845016653027852,0.24845016653027852,0.24845016653027852,0.13533607950128207,13.361875286560483,-6.8217514782088555,172.01746126168536,-10.480329600605867,0.5231285095214844,0.42007875442504883,False,0.5414795213000998,True,2914,True
0.29406181416978405,0.29406181416978405,0.29406181416978405,0.16586780206153748,14.783932286020407,-6.921987572053178,172.61599159805294,-9.505316930598683,0.5114180445671082,0.4219425916671753,False,0.5354672259535015,True,2916,True
0.28826447041059894,0.28826447041059894,0.28826447041059894,0.07878032432540638,14.932696486433606,-7.158288231333182,173.0921907110637,-9.38478743282111,0.4750375747680664,0.42291682958602905,False,0.5233812957164145,True,2918,True
0.3121624743126743,0.3121624743126743,0.3121624743126743,0.08449596384767374,14.207392999092786,-6.9925067654146265,172.91829303589938,-7.464884136212554,0.4834173321723938,0.4239194989204407,False,0.5153885030076103,True,2920,True
0.3202235367327291,0.3202235367327291,0.3202235367327291,0.05896749468589675,13.8370786733016,-6.918111553747193,173.30648784663117,-3.3341256318425647,0.48004311323165894,0.4250006675720215,False,0.50831942505242,True,2922,True
0.31289434850995457,0.31289434850995457,0.31289434850995457,0.05014088831859616,15.166929727468474,-7.036702718112847,172.95199019994786,-2.577626779776231,0.47151559591293335,0.4260604977607727,False,0.5009586592245228,True,2924,True
0.33174258000075796,0.33174258000075796,0.33174258000075796,0.025806315770003283,14.49764958653081,-7.0779518479234635,173.1879779766753,-0.8483711206345301,0.4626755118370056,0.427203893661499,False,0.49330202974701937,True,2926,True
0.33390298455455913,0.33390298455455913,0.33390298455455913,0.02469042281764647,15.414225708193753,-7.56115535199416,172.952417343152,1.1930534317468229,0.4597494602203369,0.4285011887550354,False,0.4865915158416829,True,2928,True
0.3527609714224016,0.3527609714224016,0.3527609714224016,0.021008895351249078,15.240253989019923,-8.562702679465735,172.7773310148152,-2.775000967539075,0.4575147032737732,0.42910999059677124,False,0.480776153328101,True,2930,True
0.35000570104511725,0.35000570104511725,0.35000570104511725,0.019563708868134022,14.871610894449326,-9.590752216229365,171.84016189985593,-5.852860319630871,0.45919913053512573,0.42874664068222046,False,0.47646074876950595,True,2932,True
0.35054241328086266,0.35054241328086266,0.35054241328086266,0.017384505638961635,16.55645978776478,-10.747576936782899,171.99108841759025,-3.903677981267958,0.4517780542373657,0.4284070134162903,False,0.47152420986307797,True,2934,True
0.3508319190635288,0.3508319190635288,0.3508319190635288,0.019324803701730633,16.75246742543965,-11.263810023003591,171.6486875886394,5.912181177656818,0.44890522956848145,0.4296873211860657,False,0.4670004138041587,True,2936,True
0.34260886347287295,0.34260886347287295,0.34260886347287295,0.014421405708661936,17.512401269992154,-11.966023338369274,172.68366223905815,-5.698195642385937,0.4462929368019104,0.42949122190475464,False,0.4628589184037091,True,2938,True
0.3282179833909762,0.3282179833909762,0.3282179833909762,0.020552303005699928,18.128506332858876,-12.164349897815026,172.7340597585777,-6.367134446023763,0.4466477036476135,0.42882204055786133,False,0.45961667545248996,True,2940,True
0.33380418182341787,0.33380418182341787,0.33380418182341787,0.01791328480179926,18.497206539479407,-12.713820974559633,172.75872103167492,-6.75409272095113,0.4442266821861267,0.4280722141265869,False,0.45653867679921734,True,2942,True
0.33520785761980065,0.33520785761980065,0.33520785761980065,0.026374790681721803,18.018566204614633,-12.800494844165875,173.0575491527635,-3.4087947913399193,0.45071107149124146,0.42792338132858276,False,0.4553731557376222,True,2944,True
0.3474267556214184,0.3474267556214184,0.3474267556214184,0.026235299222343425,17.39891340034895,-12.547696100336513,173.9436575655223,-9.74286405648533,0.45276230573654175,0.4268883466720581,False,0.4548509857374062,True,2946,True
0.34901573004479314,0.34901573004479314,0.34901573004479314,0.03478455112540301,17.55760322720203,-13.186243932057383,174.42374763954606,-7.2079826400890274,0.4563029408454895,0.42613381147384644,False,0.4551413767590229,True,2948,True
0.3466915805727742,0.3466915805727742,0.3466915805727742,0.03893618192097097,19.37673393143131,-12.62122155162664,175.31394293794247,-6.196348855125883,0.4549303650856018,0.42558878660202026,False,0.45509917442433867,True,2950,True
0.3617752572448978,0.3617752572448978,0.3617752572448978,0.02094745965475147,18.20394618515395,-12.017511387644522,175.29709040012872,-7.244121758961338,0.45017242431640625,0.4249107837677002,False,0.4541138244027522,True,2952,True
0.3611448668689953,0.3611448668689953,0.3611448668689953,0.021316944139667608,17.642474032484927,-10.715544236476738,175.23362961815533,-8.776570543669372,0.4532144069671631,0.4237958788871765,False,0.45393394091563444,True,2954,True
0.3499139396670783,0.3499139396670783,0.3499139396670783,0.034791669436235774,17.72616146596858,-9.186887782011935,175.37977759307168,-10.484204900179185,0.45941162109375,0.4222564101219177,False,0.4550294769512576,True,2956,True
0.3378249102537789,0.3378249102537789,0.3378249102537789,0.05459181452009315,16.071603089724498,-8.137129976454089,176.2364962276071,-10.016205462132113,0.4755428433418274,0.4208287000656128,False,0.4591321502293716,True,2958,True
0.34607850289212955,0.34607850289212955,0.34607850289212955,0.05269152245262491,13.725527114581618,-6.943855702782105,177.9240214396899,-12.65316090861246,0.48348647356033325,0.4190801978111267,True,0.4973057201834973,True,2960,True
0.35251318936536735,0.35251318936536735,0.35251318936536735,0.016163385511009553,9.996903191614061,-7.084843722553283,179.31652322356751,-12.004027319613625,0.4688032865524292,0.4173817038536072,False,0.4916052334572837,True,2962,True
0.35435149669669785,0.35435149669669785,0.35435149669669785,0.01828183074172617,-16.07320857434781,-5.664697957809666,179.10087224163985,-10.527289533237106,0.45070207118988037,0.4160544276237488,False,0.4834246010038031,True,2964,True
0.3467518157048848,0.3467518157048848,0.3467518157048848,0.11798908224120087,-25.965614468267066,-5.161347619363135,179.6266305205012,-8.15230577973253,0.5307290256023407,0.4161617159843445,False,0.49288548592351067,True,2966,True
0.36637171792794776,0.36637171792794776,0.36637171792794776,0.013153291230073817,-32.343031570487106,-4.416249065731861,-178.1661690761383,-2.4313881806370126,0.13728344440460205,0.4168316125869751,False,0.4776747112562036,True,2968,True
0.36435412005834433,0.36435412005834433,0.36435412005834433,0.022277517333553452,-32.264517035981044,-3.2149609195710647,-178.11165288778147,-0.3408581661715732,0.143679678440094,0.42015838623046875,False,0.46617144625105666,True,2970,True
0.36967883363089676,0.36967883363089676,0.36967883363089676,0.05792074546559504,-24.282181491434816,-2.514544662094293,-178.98991464663686,-3.5676517298439445,0.18975543975830078,0.42551010847091675,False,0.4580391786950287,True,2972,True
0.3610628828773826,0.3610628828773826,0.3610628828773826,0.13383741722426012,-29.431468942276076,-2.124773179761317,-178.88870095300248,-3.710889068081464,0.3113407492637634,0.43306565284729004,False,0.453044473525481,True,2974,True
0.37549983301870105,0.37549983301870105,0.37549983301870105,0.17012924644037505,-30.05003389542975,-1.748860677808116,-178.783604401984,-1.9640794176146994,0.3763207793235779,0.4420362114906311,False,0.45084282111851104,True,2976,True
0.2650182766306188,0.2650182766306188,0.2650182766306188,0.11884367960890505,-33.39342805055932,-1.2479449902447464,-179.0851919666413,1.2620031210817892,0.4145961403846741,0.4502999782562256,False,0.450734252546054,True,2978,True
0.3178959261895062,0.3178959261895062,0.3178959261895062,0.10418280972695393,-35.753042742754836,-2.002102228925251,-178.63429618624698,-3.561118793676917,0.2770161032676697,0.4588988423347473,False,0.45236717050379266,True,2980,True
0.38076054272104537,0.38076054272104537,0.38076054272104537,0.09025599969357924,-42.782502620042294,-3.5551096608461297,-177.0243417354185,3.554523262734705,0.2171618938446045,0.4693595767021179,False,0.45576565174345773,True,2982,True
0.42796004126855014,0.42796004126855014,0.42796004126855014,0.05731961192577455,-45.562213691565226,-2.8269420211026084,-179.68306452716584,10.410479378445915,0.16053998470306396,0.4813239574432373,False,0.46087731288341366,True,2984,True
0.4206973236562199,0.4206973236562199,0.4206973236562199,0.05461872229331934,-47.69987622058712,-1.8725414612463056,178.86925885703096,18.33430914971639,0.3364149332046509,0.49898970127105713,True,0.498701850306731,True,2986,True
0.39951250345143263,0.39951250345143263,0.39951250345143263,0.02751727216298418,-48.76035172517664,-0.7475357862364679,177.03242576210172,13.345503631558437,0.28148365020751953,0.5144356489181519,False,0.5018486100290152,True,2988,True
0.42527291434812586,0.42527291434812586,0.42527291434812586,0.019723091694170105,-50.51266369974789,-0.3520858350414055,176.09823259576564,12.999042621169483,0.28403621912002563,0.5280921161174774,False,0.5070973112467076,True,2990,True
0.40607261681225215,0.40607261681225215,0.40607261681225215,0.03706981923018698,-50.55494157443295,-0.4205528990541036,176.77253915678276,13.818953416612628,0.29207801818847656,0.5390469133853912,False,0.5134872316744444,True,2992,True
,,,,,,,,0.29207801818847656,0.5390469133853912,False,0.5134872316744444,True,2994,False
0.3758962398336647,0.3758962398336647,0.3758962398336647,0.08869748279877968,-48.63093976846805,-1.365271731917411,177.09862532039844,29.285969344588437,0.3272029757499695,0.5495796799659729,True,0.5407897853395556,True,2996,True
0.4337625192896265,0.4337625192896265,0.4337625192896265,0.11171777161904266,-50.473866472078555,-1.9798403633054649,177.6199999945019,25.47016800481113,0.40978848934173584,0.5590983927249908,True,0.5626318282716445,True,2998,True
0.42193149404461416,0.42193149404461416,0.42193149404461416,0.06885849346823901,-50.3538649142147,-1.4985798954833178,177.50016896583256,30.30729213795608,0.3247840404510498,0.5675546526908875,True,0.5801054626173157,True,3000,True
,,,,,,,,0.3247840404510498,0.5675546526908875,True,0.5801054626173157,True,3002,False
0.4441851850048274,0.4441851850048274,0.4441851850048274,0.08350129079101463,-49.94853328569076,-1.7259635477468762,177.03348984295712,57.38795128180167,0.32233726978302,0.5761180222034454,True,0.5940843700938525,True,3004,True
0.4302358390692247,0.4302358390692247,0.4302358390692247,0.07368780143559847,-49.87617397724867,-1.6371663392956493,178.04478847128104,88.05326420224196,0.25573986768722534,0.5818555653095245,True,0.605267496075082,True,3006,True
0.3466777205643482,0.3466777205643482,0.3466777205643482,0.020015601449289818,-48.17274955957079,-0.9284364538170614,176.62545341010917,80.26276449313967,0.17314589023590088,0.5845766961574554,True,0.6142139968600656,True,3008,True
0.17925281360724812,0.17925281360724812,0.17925281360724812,0.021951136127644547,-41.01527629135162,-0.16977094824509567,175.4940425871675,81.55930680904395,0.3731570243835449,0.5816336870193481,True,0.6213711974880525,True,3010,True
0.25164396207050954,0.25164396207050954,0.25164396207050954,0.016202882230794528,-37.164975886307154,-0.5667328285810609,177.65900542737467,59.41520998814111,0.21121829748153687,0.5843828916549683,True,0.627096957990442,True,3012,True
,,,,,,,,0.21121829748153687,0.5843828916549683,True,0.627096957990442,True,3014,False
0.3470117075369458,0.3470117075369458,0.3470117075369458,0.008462729894239284,-36.12963250503185,-3.9443592896207074,-177.2375692729939,-22.9509862606917,0.15969276428222656,0.5913279056549072,True,0.6316775663923536,True,3016,True
0.36467062790601007,0.36467062790601007,0.36467062790601007,0.01111042238087696,-31.1605737632863,-4.339140349810344,-176.89372661209597,-143.8998957575407,0.4025071859359741,0.5823815762996674,True,0.6353420531138829,True,3018,True
0.3393314014976281,0.3393314014976281,0.3393314014976281,0.010272700162324067,-28.79821937903324,-5.330529417624015,-177.26727263815386,-8.829718241538206,0.1430017352104187,0.5744032263755798,False,0.6231542877662224,True,3020,True
0.34925281323552126,0.34925281323552126,0.34925281323552126,0.019385950926894133,-27.810721436244968,-6.825260293767836,-175.7062264692974,87.90401085192705,0.0994490385055542,0.5742098689079285,True,0.628523430212978,True,3022,True
0.3626389291022687,0.3626389291022687,0.3626389291022687,0.012246983465240393,-25.302366780500627,-7.651985012373511,-174.1750404535893,87.72429959074003,0.09632110595703125,0.5788321197032928,True,0.6328187441703824,True,3024,True
0.36379532255484515,0.36379532255484515,0.36379532255484515,0.013339108446903464,-23.70000670826296,-7.884326149078524,-172.6895558396535,52.35167400279424,0.10326492786407471,0.5857872664928436,True,0.6362549953363059,True,3026,True
,,,,,,,,0.10326492786407471,0.5857872664928436,True,0.6362549953363059,True,3028,False
0.35946527326289746,0.35946527326289746,0.35946527326289746,0.008605069188771889,15.311263878545672,-6.498464158747183,-171.21180175268404,5.56222479996,0.26504313945770264,0.5900639593601227,False,0.6270167881410693,True,3030,True
0.36251701161154615,0.36251701161154615,0.36251701161154615,0.01743626333010157,17.56733701109626,-6.309961288701153,-171.70808379158638,-17.620569438263978,0.3179945945739746,0.5841725468635559,True,0.6316134305128555,True,3032,True
0.40610712924043413,0.40610712924043413,0.40610712924043413,0.013834875990829176,20.436673792708493,-6.5083279089427375,-172.29078911408232,-13.99586907782788,0.30376213788986206,0.5721804797649384,True,0.6352907444102844,True,3034,True
0.4082104956371154,0.4082104956371154,0.4082104956371154,0.018812161126256777,22.102740553085866,-6.405810203076266,-172.72985823357686,-12.194221029273056,0.3119083642959595,0.5554872155189514,False,0.6193300386320179,True,3036,True
0.4004840448432009,0.4004840448432009,0.4004840448432009,0.02424428745293131,20.03398227860469,-6.761953774537534,-174.60053263073198,-11.161887266451643,0.30867254734039307,0.5364639461040497,False,0.6027568201264243,True,3038,True
0.4028581851091819,0.4028581851091819,0.4028581851091819,0.020618226301350243,19.385272697150707,-7.492741060132842,-175.7553739720819,-11.591146308931348,0.3010917901992798,0.516876757144928,False,0.5855808075301251,True,3040,True
0.3696615429641307,0.3696615429641307,0.3696615429641307,0.01826908531715282,18.702133029500118,-7.635008148065407,-175.85195045848107,-10.945411010247211,0.3099594712257385,0.49834752082824707,False,0.5681341501897496,True,3042,True
0.37116012772661705,0.37116012772661705,0.37116012772661705,0.016855196902421456,20.446006361833632,-7.841252032976354,-176.5467872668462,-14.318462981990578,0.32090312242507935,0.4813637137413025,True,0.5845073201517996,True,3044,True
0.37949640834196835,0.37949640834196835,0.37949640834196835,0.01655431742253583,18.82541698505973,-7.680108313018715,-174.6241973031948,-20.8804031296372,0.31928664445877075,0.466266930103302,True,0.5976058561214397,True,3046,True
,,,,,,,,0.31928664445877075,0.466266930103302,True,0.5976058561214397,True,3048,False
0.3803007961752207,0.3803007961752207,0.3803007961752207,0.001360748676725029,17.53864160288795,-7.966049395024923,-177.12384491097362,5.367509261185614,0.25839006900787354,0.45698797702789307,False,0.5694822803027304,True,3050,True
0.3715656150861889,0.3715656150861889,0.3715656150861889,0.00904353922710124,14.335893946138633,-8.514233056667662,-178.16734992850058,5.167496348806154,0.24492335319519043,0.45001691579818726,False,0.5455892074018218,True,3052,True
0.3912028216298672,0.3912028216298672,0.3912028216298672,0.010442479324862728,15.883900010089892,-8.502831039561991,-177.368090621809,4.260970436656131,0.25176942348480225,0.44475704431533813,False,0.525422774784525,True,3054,True
0.3808880306545618,0.3808880306545618,0.3808880306545618,0.009870179114193266,18.37238380625132,-7.933728545990171,-178.04189971174952,3.7322117115227584,0.2755590081214905,0.4406411051750183,False,0.5084664408626237,True,3056,True
0.37593622905333246,0.37593622905333246,0.37593622905333246,0.011428304643258155,19.159495394906028,-7.8202426814090416,-178.01647373590598,11.396815036363874,0.282220721244812,0.4385947585105896,False,0.4944921043922169,True,3058,True
0.36055539011516935,0.36055539011516935,0.36055539011516935,0.012565217965488576,15.382878367521513,-6.526072902899666,-175.56927127097558,-1.3780614548457155,0.2729693055152893,0.43585532903671265,False,0.48276474932111607,True,3060,True
0.3463050822871754,0.3463050822871754,0.3463050822871754,0.01640482989261884,-24.883132565196153,-6.282831625090283,-178.49342759030907,-5.703676817282459,0.14677214622497559,0.4361952543258667,False,0.47345085032206624,True,3062,True
0.29247164695814126,0.29247164695814126,0.29247164695814126,0.014909323243964287,-24.09333875149054,-5.887149159347752,-178.43706164809515,-6.623774431384887,0.16145414113998413,0.43686753511428833,False,0.4661341872805107,True,3064,True
,,,,,,,,0.16145414113998413,0.43686753511428833,False,0.4661341872805107,True,3066,False
0.33208252888310724,0.33208252888310724,0.33208252888310724,0.008931070356842428,-29.60937053288434,-6.4822394638890115,-178.8764822485395,-3.5082806683656775,0.13369464874267578,0.44076603651046753,False,0.4610605571265021,True,3068,True
0.3501303160170226,0.3501303160170226,0.3501303160170226,0.005744123944063395,-20.76737126698748,-5.90098255668372,-179.23801987624972,-1.1207255100508948,0.13505816459655762,0.4465058445930481,False,0.45814961461981135,True,3070,True
0.34212895976322,0.34212895976322,0.34212895976322,0.09061111266565394,-23.083124387840222,-5.224235883224046,-178.22254858379245,0.9254887609495843,0.22732549905776978,0.45422619581222534,False,0.45736493085829416,True,3072,True
0.35520911395211735,0.35520911395211735,0.35520911395211735,0.2777007784239807,-25.660771683146088,-4.618920509613411,179.75601111409378,1.8784467949406882,0.6331827044487,0.46718090772628784,False,0.4925284855763753,True,3074,True
0.35277687948315467,0.35277687948315467,0.35277687948315467,0.34993698433036763,-31.057349994886376,-4.8738622871997475,-179.64642322764888,1.7866507633331812,0.6173728108406067,0.47631847858428955,False,0.5174973506292216,True,3076,True
0.36152895551644215,0.36152895551644215,0.36152895551644215,0.4768473155020118,-32.81007448590164,-4.065045364822314,179.05175591070443,1.8825810025958487,0.6916248798370361,0.4881117343902588,False,0.5523228564707845,True,3078,True
0.3749636340827358,0.3749636340827358,0.3749636340827358,0.5827091825763415,-36.137630671975536,-4.57840086473076,179.41024161943903,4.367151604727992,0.7184880971908569,0.4993206858634949,False,0.585555904614799,True,3080,True
,,,,,,,,0.7184880971908569,0.4993206858634949,False,0.585555904614799,True,3082,False
0.35316635542735686,0.35316635542735686,0.35316635542735686,0.7608935932901754,-38.850535733310764,-5.334998467729806,178.88495076069395,-0.131423370293109,0.7734681069850922,0.5076764822006226,False,0.6231383450888577,True,3084,True
,,,,,,,,0.7734681069850922,0.5076764822006226,False,0.6231383450888577,True,3086,False
0.35077946046866115,0.35077946046866115,0.35077946046866115,0.7455532190413396,-37.96061665030384,-4.006241620839524,177.42748241902459,-0.4655700061714684,0.7686798125505447,0.5139760673046112,False,0.6522466385811951,True,3088,True
0.3510930799050348,0.3510930799050348,0.3510930799050348,0.8368907536386079,-43.280119592095105,-4.243181257820468,178.64485319097923,15.284414605077417,0.8043931424617767,0.5221158564090729,False,0.6826759393573115,True,3090,True
0.33893829409509146,0.33893829409509146,0.33893829409509146,0.7269206929520793,-38.33934225899268,-4.747015370455554,178.61250091435556,17.249867234374495,0.7751121073961258,0.530841737985611,False,0.7011631729650745,True,3092,True
,,,,,,,,0.7751121073961258,0.530841737985611,False,0.7011631729650745,True,3094,False
0.3365874779471777,0.3365874779471777,0.3365874779471777,0.5138516193099659,-37.93984423850622,-5.206656268991029,177.51768658399538,1.3526610593231725,0.718311071395874,0.5371410250663757,False,0.7045927526512344,True,3096,True
0.3618179723273445,0.3618179723273445,0.3618179723273445,0.5582594662022308,-41.073951558874796,-3.2572797720732107,176.99283814211896,4.992295972531788,0.7268593907356262,0.5431427657604218,False,0.7090460802681129,True,3098,True
0.38025786868029265,0.38025786868029265,0.38025786868029265,0.5019342502407229,-38.64763000089747,-2.559159898657008,175.26063311468008,0.4461054701730917,0.7088485658168793,0.547886997461319,False,0.7090065773778662,True,3100,True
0.34180115207839235,0.34180115207839235,0.34180115207839235,0.5439064685577475,-39.17478572067947,-1.6300014424958866,174.63228248017154,0.6381094079210488,0.7255015969276428,0.5500438511371613,False,0.7123055812878216,True,3102,True
0.3638190611205743,0.3638190611205743,0.3638190611205743,0.547788854098782,-39.5133860596961,-1.7776830864639421,173.97401092738036,1.4542298305472088,0.7201254963874817,0.5516451001167297,False,0.7138695643077537,True,3104,True
0.3850564897406511,0.3850564897406511,0.3850564897406511,0.5410403187248728,-37.65957063986476,-1.774458473487599,172.92371644408098,5.806566288152648,0.7125028073787689,0.5541358292102814,False,0.7135962129219569,True,3106,True
0.3963311564130486,0.3963311564130486,0.3963311564130486,0.5419155322599245,-36.8070618572905,-1.1645998529897164,172.19193145467887,3.1048686329771695,0.7095793783664703,0.5561087131500244,False,0.7127928460108596,True,3108,True
0.3141450045168661,0.3141450045168661,0.3141450045168661,0.5099721741071961,-31.138515233281716,-3.0218480557516636,173.31770274341545,2.7898232901259137,0.7144022583961487,0.5557590126991272,False,0.7131147284879173,True,3110,True
0.3311458183121484,0.3311458183121484,0.3311458183121484,0.6071282287733478,-38.55577605178949,-1.7824585843591298,173.25975662443204,3.1987135794328263,0.7463862895965576,0.55454421043396,False,0.7197690407096454,True,3112,True
0.3391821910625903,0.3391821910625903,0.3391821910625903,0.6341086895387616,40.75065751463586,173.41895302403535,-179.7275756400729,2.502062857624878,0.7263069152832031,0.5525798797607422,False,0.721076615624357,True,3114,True
0.348883769821321,0.348883769821321,0.348883769821321,0.7768681889564807,18.687704901398618,-25.465481112255024,-13.776918418134212,-0.18317518433896213,0.7443422973155975,0.5480310916900635,False,0.7257297519626051,True,3116,True
0.34710568812967546,0.34710568812967546,0.34710568812967546,0.8342102754333343,-40.58171272586168,-1.3198910435956193,174.26174052504072,0.7207361155975214,0.7991957664489746,0.5424053966999054,False,0.7404229548598791,True,3118,True
0.33900537580791124,0.33900537580791124,0.33900537580791124,0.7534817281320767,-39.444198580110054,-4.110864303707761,177.03235320486024,0.06436203078448426,0.7811521887779236,0.5382415354251862,False,0.748568801643488,True,3120,True
0.3361802162601272,0.3361802162601272,0.3361802162601272,0.6289652907091585,-41.92372935139447,-3.9622563878826136,177.54700601850206,6.8074699012364395,0.7576172798871994,0.5370222926139832,False,0.7503784972922304,True,3122,True
0.3393636859431097,0.3393636859431097,0.3393636859431097,0.49600134494238485,-37.81944317899934,-4.688284350365762,177.1447705408029,3.879573643775166,0.7124089002609253,0.5382146835327148,False,0.7427845778859694,True,3124,True
0.3600037212089703,0.3600037212089703,0.3600037212089703,0.36744753161373866,-34.20868436230172,-5.818917012881615,178.6737860208513,4.163072048638728,0.6768532991409302,0.5417957007884979,False,0.7295983221369616,True,3126,True
0.3623571925953398,0.3623571925953398,0.3623571925953398,0.28279553851850936,-31.562976819748997,-6.705860622953843,179.7428162655954,8.181139895476207,0.6426640748977661,0.5473650097846985,False,0.7122114726891225,True,3128,True
0.3481019830028522,0.3481019830028522,0.3481019830028522,0.1868109115075734,-29.6677326138243,-7.354528286170291,-179.7000401437919,6.3058313635230645,0.4000634551048279,0.5497909784317017,False,0.6797273738376384,True,3130,True
0.3444562631794251,0.3444562631794251,0.3444562631794251,0.1630349628952492,-27.2026855895365,-6.663018439309301,-179.84358650380184,1.6142031216022614,0.35907816886901855,0.550480842590332,False,0.6538780675881772,True,3132,True
0.3685355033669381,0.3685355033669381,0.3685355033669381,0.1260004023948164,-25.035519672404163,-6.99647386292264,-179.38827198723888,0.4952064248987728,0.2826904058456421,0.5499661266803741,False,0.6330956794066166,True,3134,True
0.3759780043033545,0.3759780043033545,0.3759780043033545,0.12477775573882381,-22.349117727831672,-6.809010600073024,-179.38124345532168,-0.3909017980641149,0.2856118679046631,0.5483039617538452,False,0.6161373358760623,True,3136,True
0.36530692924388686,0.36530692924388686,0.36530692924388686,0.10349288178798055,-17.678360236423863,-7.175991914200822,-179.21512358395074,-0.9745928554116184,0.2509782314300537,0.5453829169273376,False,0.6019864520863174,True,3138,True
0.3508822281156134,0.3508822281156134,0.3508822281156134,0.07721161353878876,-8.430086917483678,-7.034523215777644,-179.08373044731616,0.8853970925004769,0.2193927764892578,0.5415539145469666,False,0.5898999445784473,True,3140,True
0.1626865182967719,0.1626865182967719,0.1626865182967719,0.060259404077978064,-9.671262018414183,-5.660890995641502,178.63012408830392,3.106926530033627,0.80758136510849,0.5389869511127472,False,0.6334362286844559,True,3142,True
0.17505236013348763,0.17505236013348763,0.17505236013348763,0.05460223429084263,0.3534061653680121,-5.475785036531243,179.41590610169325,4.3744361063570265,0.7850126475095749,0.536848247051239,False,0.6637515124494797,True,3144,True
0.25511470427620625,0.25511470427620625,0.25511470427620625,0.05037147964638359,9.323062931722548,-4.892147936167391,-179.5658120201948,4.300896478411124,0.5075533092021942,0.5322838425636292,False,0.6374579784723096,True,3146,True
0.2775067431139935,0.2775067431139935,0.2775067431139935,0.023899349091411577,8.26734385148683,-4.515815861635424,-179.32017220906118,5.4386758841666465,0.3109336495399475,0.526359885931015,False,0.6152383599640507,True,3148,True
0.27984105608097254,0.27984105608097254,0.27984105608097254,0.027474267294401594,9.677823160883637,-4.072414316666175,-178.69459144085465,1.4840982173906223,0.32853490114212036,0.5186068415641785,False,0.5959120562840763,True,3150,True
0.28794099295807085,0.28794099295807085,0.28794099295807085,0.009008454252187617,10.198347982625217,-4.302014498914951,-177.66619286852494,3.6170096751879526,0.27328699827194214,0.5099807679653168,False,0.5787257986203245,True,3152,True
0.2860358587040083,0.2860358587040083,0.2860358587040083,0.006516368597418359,11.777655922163321,-4.5081002085267015,-177.66021984204016,5.883495405444684,0.2937582731246948,0.5014042556285858,False,0.5632614900219768,True,3154,True
0.3080220921512803,0.3080220921512803,0.3080220921512803,0.012406411087839585,10.348363819173839,-4.370855402272732,-178.70098502034017,1.4266615116285266,0.2524779438972473,0.492684006690979,False,0.5491459933557772,True,3156,True
0.2958440605422227,0.2958440605422227,0.2958440605422227,0.019704345916335072,11.679461380693706,-3.776771743900744,-178.19657926577267,2.0514852488355175,0.28548920154571533,0.4843670725822449,False,0.5361902092010707,True,3158,True
0.3140630259126277,0.3140630259126277,0.3140630259126277,0.009911396398618042,12.299041238941484,-2.555369220118184,-178.1156721306679,3.645185144858113,0.26385074853897095,0.4767489433288574,False,0.5243019560266281,True,3160,True
0.31996103254255137,0.31996103254255137,0.31996103254255137,0.006120286365634487,15.368603858022196,-1.7782835937666681,-176.89172391092615,0.5561781826921991,0.2901368737220764,0.469396710395813,False,0.5133209069004652,True,3162,True
0.3216318718099807,0.3216318718099807,0.3216318718099807,0.01790358727518409,15.119374997162328,-1.7198652917255695,-176.73940520641452,-0.4304053431383235,0.3047407865524292,0.46259403228759766,False,0.5031755319778917,True,3164,True
0.3309296092630942,0.3309296092630942,0.3309296092630942,0.005864901851877555,16.704948081722897,-1.8210012905025652,-177.37745810888387,-0.28742517304943377,0.29710227251052856,0.4562705159187317,False,0.49379452876605967,True,3166,True
0.34263160545141214,0.34263160545141214,0.34263160545141214,0.007615363722002481,17.90122565339983,-2.475532793442975,-178.22335544648305,-0.34136600157941466,0.3015006184577942,0.4505729079246521,False,0.4851502045977782,True,3168,True
0.33580154155882885,0.33580154155882885,0.33580154155882885,0.009920678083721442,17.494594825566928,-1.8790880010470463,-178.026342772493,0.29666901871612544,0.3056885600090027,0.44558948278427124,False,0.4772380602350768,True,3170,True
0.3379817128495287,0.3379817128495287,0.3379817128495287,0.010067323869303441,17.908320355488755,-1.58254066843333,-177.96189123709135,0.6377518122916004,0.308063268661499,0.4412446618080139,False,0.47003938054966427,True,3172,True
,,,,,,,,0.308063268661499,0.4412446618080139,False,0.47003938054966427,True,3174,False
0.35743758780785095,0.35743758780785095,0.35743758780785095,0.0316861808486246,18.618971864139965,-0.8592977281497933,-176.01221015091454,3.9262823638769575,0.32691049575805664,0.4380558133125305,False,0.46364266710223756,True,3176,True
,,,,,,,,0.32691049575805664,0.4380558133125305,False,0.46364266710223756,True,3178,False
0.37772345150068454,0.37772345150068454,0.37772345150068454,0.05507599590153205,24.063301249958226,-1.6740464917664792,-177.49036193789132,15.767995967553496,0.3687676191329956,0.4371541142463684,False,0.4583449565310637,True,3180,True
0.3617417614111532,0.3617417614111532,0.3617417614111532,0.13460305580033022,26.145154901621126,-1.7041760887380755,-179.05773763813124,16.756339858478245,0.4632343053817749,0.4379650950431824,False,0.459322826301206,True,3182,True
0.367351371948171,0.367351371948171,0.367351371948171,0.1619500323599578,27.428537122981705,-1.897835002927628,179.96773013555244,12.995215074651819,0.5024200975894928,0.442979097366333,False,0.46794228055886344,True,3184,True
0.38263663164877115,0.38263663164877115,0.38263663164877115,0.07625772585958115,24.314538768819517,-1.6506593027680978,179.59610935664688,12.518969090708001,0.47901463508605957,0.4476052522659302,False,0.4701567514643027,True,3186,True
0.37390307354837005,0.37390307354837005,0.37390307354837005,0.01351715677943424,21.390075502404663,-1.486261884804265,-179.96202196023629,14.86140132115261,0.3069331645965576,0.4462427496910095,False,0.4653739511096441,True,3188,True
0.23896558343734853,0.23896558343734853,0.23896558343734853,0.012753175371949201,18.38813947312328,-1.5439688984099766,179.47677750776953,16.115809388187746,0.5670655965805054,0.4477992653846741,False,0.4857122802038164,True,3190,True
0.33980478900698796,0.33980478900698796,0.33980478900698796,0.014858139673581823,19.836688876032625,-2.0009141993002344,179.34110709492953,16.31992514460129,0.4565444588661194,0.45137619972229004,False,0.479878715936277,True,3192,True
0.351722508200898,0.351722508200898,0.351722508200898,0.01243522126155684,19.521927014026957,-1.836095681053286,179.53175627165675,17.87386578172908,0.4514493942260742,0.45479249954223633,True,0.5139029727490216,True,3194,True
0.3719178342825894,0.3719178342825894,0.3719178342825894,0.013418354851785195,18.474569733229707,-1.7938369719790566,177.91394791494912,13.734168653653827,0.4422082304954529,0.45706379413604736,False,0.5025351370264268,True,3196,True
0.3696727399679606,0.3696727399679606,0.3696727399679606,0.01128391940019436,17.63614401188207,-1.9360834658494592,178.05149337678645,14.688933397852628,0.44246208667755127,0.45827674865722656,False,0.49368345935258684,True,3198,True
0.3582388507820062,0.3582388507820062,0.3582388507820062,0.012746251914735938,17.34819918068594,-1.9953141315187664,178.05226430449048,8.663962110339927,0.44940805435180664,0.4573768973350525,False,0.48642214694908,True,3200,True
0.3644454423838578,0.3644454423838578,0.3644454423838578,0.012571969562920534,17.091224139720797,-1.915272625664023,177.68412764004296,22.36059188806185,0.44686758518218994,0.4579840898513794,True,0.519137717559264,True,3202,True
,,,,,,,,0.44686758518218994,0.4579840898513794,True,0.519137717559264,True,3204,False
,,,,,,,,0.44686758518218994,0.4579840898513794,True,0.519137717559264,True,3206,False
0.3738929501866336,0.3738929501866336,0.3738929501866336,0.04871622193859704,17.273270510939092,-2.812600037051899,178.0713455368211,11.85665708845062,0.4666097164154053,0.45735329389572144,False,0.5086321173304923,True,3208,True
0.3617427834884772,0.3617427834884772,0.3617427834884772,0.03142468089704608,18.539611646727664,-2.5665306321409656,177.4038241060062,9.333468003186717,0.45967042446136475,0.4554348587989807,False,0.4988397787566668,True,3210,True
0.35577039793344734,0.35577039793344734,0.35577039793344734,0.025626794877288674,19.825129634198397,-2.5660012235286818,177.47156275407926,7.538710130061996,0.45768558979034424,0.45269113779067993,False,0.4906089409634023,True,3212,True
0.33407347839002066,0.33407347839002066,0.33407347839002066,0.020214717174837908,15.533795258323996,-3.420039873718068,176.7884562620404,11.137482183270011,0.46584707498550415,0.45037686824798584,False,0.48565656776782273,True,3214,True
0.3513969516813884,0.3513969516813884,0.3513969516813884,0.020170735361669016,18.18469041709259,-3.405817730100768,177.01716985183944,10.723828714965185,0.4551381468772888,0.44857877492904663,False,0.479552883589716,True,3216,True
0.35226797270879806,0.35226797270879806,0.35226797270879806,0.019226376755196825,18.3940627420256,-3.047934249750874,177.3139294281309,5.389239653000558,0.4562033414840698,0.4461585283279419,False,0.4748829751685868,True,3218,True
0.35348552602993943,0.35348552602993943,0.35348552602993943,0.10887532183836346,22.52435851334934,-3.49977437737452,177.4789267255234,7.995414413744198,0.48892396688461304,0.4446023106575012,False,0.477691173511792,True,3220,True
0.34590247259993123,0.34590247259993123,0.34590247259993123,0.12726515614191963,23.23801798624992,-3.9350111340577136,177.51753520657965,14.640383323641686,0.4985464811325073,0.44430941343307495,False,0.4818622350359351,True,3222,True
0.3627053463005948,0.3627053463005948,0.3627053463005948,0.18101939391171903,23.549398400070903,-3.655046828108468,177.4664585833667,18.549976531530195,0.525364875793457,0.44545215368270874,True,0.5154897880287481,True,3224,True
0.34824609933924033,0.34824609933924033,0.34824609933924033,0.13440748324928284,23.82996724304513,-3.773442781557242,177.6085103688572,19.675808126229704,0.5090043246746063,0.4466210603713989,True,0.5423918304229985,True,3226,True
0.3530964219733317,0.3530964219733317,0.3530964219733317,0.16115400959917636,23.215163692083223,-3.762306937771863,177.76641417513247,22.78995864425871,0.5251427590847015,0.4486462473869324,True,0.5639134643383988,True,3228,True
0.36010401138438186,0.36010401138438186,0.36010401138438186,0.17100217855984287,23.712077359282464,-3.590837982772844,178.25462978385363,21.61097837803217,0.5260489284992218,0.45060229301452637,True,0.5811307714707191,True,3230,True
0.3382135175894697,0.3382135175894697,0.3382135175894697,0.14835294343699687,23.807180069114395,-3.4485739978633414,178.3802858005422,22.581383238414187,0.5199241042137146,0.45216745138168335,True,0.5949046171765753,True,3232,True
0.34767094757983674,0.34767094757983674,0.34767094757983674,0.19383666437426086,23.153671632688972,-3.5205557662761016,178.28623796668091,21.543780612544307,0.538013219833374,0.4537491798400879,True,0.6059236937412602,True,3234,True
0.358289923570544,0.358289923570544,0.358289923570544,0.18668510374732564,26.77060372048575,-3.462317811556387,179.87282323094652,21.69317585615427,0.5278476476669312,0.45501697063446045,True,0.6147389549930082,True,3236,True
0.3590105910216381,0.3590105910216381,0.3590105910216381,0.27800833154484633,20.08534741917046,-3.9013696146480465,178.58765974717176,16.16478889458682,0.5774508118629456,0.45558804273605347,False,0.6072813263669957,True,3238,True
0.35216811001786413,0.35216811001786413,0.35216811001786413,0.23884274430968844,22.857928470322726,-3.8455863401278076,-179.76121047637443,14.744750687464446,0.5360342264175415,0.45049184560775757,False,0.5930319063771049,True,3240,True
0.3686054193450815,0.3686054193450815,0.3686054193450815,0.1274354049709389,22.814009895470733,-3.627633541562717,-179.6607873645734,21.50079624348211,0.43187546730041504,0.44514650106430054,True,0.6044255251016839,True,3242,True
0.2774158436103785,0.2774158436103785,0.2774158436103785,0.07626149451667089,22.036400021988605,-3.262678428880973,179.8224898590065,19.10426652736304,0.5248388051986694,0.4445517659187317,True,0.6135404200813471,True,3244,True
0.18741147682331455,0.18741147682331455,0.18741147682331455,0.018204316084476965,18.803117468052914,-3.39075062485811,176.87549094258867,11.292187857400004,0.7382628321647644,0.4434664845466614,False,0.6384849024980306,True,3246,True
0.2700430763407441,0.2700430763407441,0.2700430763407441,0.00964451089925857,17.317827232758507,-2.57259362208925,178.91221007713403,13.736825665658078,0.5131391882896423,0.444804847240448,False,0.613415759656353,True,3248,True
0.32103834303584666,0.32103834303584666,0.32103834303584666,0.0026413109108955734,16.538502195738957,-3.378691114707017,-179.17483612319376,10.662702809068286,0.28396517038345337,0.4415888786315918,False,0.5790503834514008,True,3250,True
0.30610002094609606,0.30610002094609606,0.30610002094609606,0.0067696734097784095,10.173341116028,-3.436657665893175,-174.6453496444102,4.1477769071316075,0.24724948406219482,0.43662476539611816,False,0.5505652598403443,True,3252,True
0.3157245132090776,0.3157245132090776,0.3157245132090776,0.006714844289592346,-7.786145933701457,-4.254067569441838,-179.45645379412804,7.501029487121014,0.14363020658493042,0.43319880962371826,False,0.5270919697970191,True,3254,True
0.32313060527389903,0.32313060527389903,0.32313060527389903,0.0047554309966554385,12.085310839468374,-4.849959718668054,-177.19896645971767,8.817324673663045,0.245516836643219,0.4312651753425598,False,0.5079266109061273,True,3256,True
0.33325356150965996,0.33325356150965996,0.33325356150965996,0.0033206727990519156,13.591772482121165,-5.000902344146508,-177.04626068072605,5.558416929995761,0.25523847341537476,0.43044567108154297,False,0.4924304229412105,True,3258,True
0.33513485011199945,0.33513485011199945,0.33513485011199945,0.01421667893251927,11.314830204117875,-5.416819909209564,-177.93330630633318,4.88022646548511,0.2473408579826355,0.4303373694419861,False,0.4800118122413656,True,3260,True
0.32907967504651603,0.32907967504651603,0.32907967504651603,0.0058240091274517755,9.643450333101018,-6.307620952756966,-178.15821919636073,11.060679322014154,0.2195833921432495,0.43143951892852783,False,0.47029735357879804,True,3262,True
0.3284527960134661,0.3284527960134661,0.3284527960134661,0.0059882147472063085,11.238374109430215,-7.752854834553559,-178.03206313977023,7.452892852546602,0.23568451404571533,0.4328937530517578,False,0.46281663347339,True,3264,True
0.3183292238757791,0.3183292238757791,0.3183292238757791,0.004849346584321084,9.373690897312057,-8.779802887566238,-175.91170663885373,10.18115944352222,0.22121524810791016,0.43525129556655884,False,0.4573035658920238,True,3266,True
0.353885492343008,0.353885492343008,0.353885492343008,0.0033565842030319586,7.357538198918746,-9.780573503954992,-174.99370524846034,11.373814011805264,0.1911071538925171,0.4383910298347473,False,0.4535210586805685,True,3268,True
0.369653575142878,0.369653575142878,0.369653575142878,0.019777416191365586,7.232612616810172,-9.10199255596757,-174.19140601184432,10.08006316225613,0.20534706115722656,0.44168758392333984,False,0.45115436372912276,True,3270,True
0.3702793294962935,0.3702793294962935,0.3702793294962935,0.015633877056137686,9.953144127398499,-7.982250778663454,-173.11440752470716,11.32609036036156,0.21878278255462646,0.4447821378707886,False,0.44987991855745596,True,3272,True
0.3549401718043125,0.3549401718043125,0.3549401718043125,0.016795144145260725,15.385354077039718,-6.323261119157275,-175.08576412008355,9.297882450270443,0.27281200885772705,0.44672274589538574,False,0.4492484840250419,True,3274,True
0.36550974030679617,0.36550974030679617,0.36550974030679617,0.018988842791308247,15.378262506269657,-5.696513304483747,-175.71353252608168,10.108215934366111,0.2691422700881958,0.44816750288009644,False,0.44903228779605286,True,3276,True
0.3555893837805531,0.3555893837805531,0.3555893837805531,0.013536910685515236,18.140660211738393,-6.132683421079238,-174.98465251739586,10.96041988832562,0.29280775785446167,0.4488028287887573,False,0.4489863959945938,True,3278,True
0.3675588384149251,0.3675588384149251,0.3675588384149251,0.01578530005638801,17.99619795436451,-6.279567866657124,-174.86860666869822,18.45431579578117,0.28313636779785156,0.4501619338989258,True,0.48918911679567506,True,3280,True
0.186201212226303,0.186201212226303,0.186201212226303,0.006284147246673121,19.36949579298874,-5.058317991983753,-173.95989931250426,25.97681187413614,0.7945292592048645,0.45202386379241943,True,0.550257145277513,True,3282,True
0.2819936350791061,0.2819936350791061,0.2819936350791061,0.0029941077370119872,20.096302965753488,-5.718472997655357,-174.198725180008,23.57920226319027,0.4023062586784363,0.4550001621246338,True,0.5702057162220104,True,3284,True
0.3070652855834637,0.3070652855834637,0.3070652855834637,0.008221647685527491,23.134173786257687,-5.79542591008906,-174.56138817173323,22.5957566414928,0.37893760204315186,0.4576767086982727,True,0.5861645729776084,True,3286,True
